Block Time,Block Height,Tx,Data,Lossy Text
2013-11-05 19:23:00 +08:00,268060,d29c9c0e8e4d2a9790922af73f0b8d51f0bd4bb19940d9cf910ead8fbe85bc9b:2,5765277265206e6f20737472616e6765727320746f206c6f76650a596f75206b6e6f77207468652072756c657320616e6420736f20646f20490a412066756c6c20636f6d6d69746d656e74277320776861742049276d207468696e6b696e67206f660a596f7520776f756c646e27742067657420746869732066726f6d20616e79206f74686572206775790a49206a7573742077616e6e612074656c6c20796f7520686f772049276d206665656c696e670a476f747461206d616b6520796f7520756e6465727374616e640a0a43484f5255530a4e6576657220676f6e6e61206769766520796f752075702c0a4e6576657220676f6e6e61206c657420796f7520646f776e0a4e6576657220676f6e6e612072756e2061726f756e6420616e642064657365727420796f750a4e6576657220676f6e6e61206d616b6520796f75206372792c0a4e6576657220676f6e6e612073617920676f6f646279650a4e6576657220676f6e6e612074656c6c2061206c696520616e64206875727420796f750a0a5765277665206b6e6f776e2065616368206f7468657220666f7220736f206c6f6e670a596f75722068656172742773206265656e20616368696e672062757420796f7527726520746f6f2073687920746f207361792069740a496e7369646520776520626f7468206b6e6f7720776861742773206265656e20676f696e67206f6e0a5765206b6e6f77207468652067616d6520616e6420776527726520676f6e6e6120706c61792069740a416e6420696620796f752061736b206d6520686f772049276d206665656c696e670a446f6e27742074656c6c206d6520796f7527726520746f6f20626c696e6420746f20736565202843484f525553290a0a43484f52555343484f5255530a284f6f68206769766520796f75207570290a284f6f68206769766520796f75207570290a284f6f6829206e6576657220676f6e6e6120676976652c206e6576657220676f6e6e6120676976650a286769766520796f75207570290a284f6f6829206e6576657220676f6e6e6120676976652c206e6576657220676f6e6e6120676976650a286769766520796f75207570290a0a5765277665206b6e6f776e2065616368206f7468657220666f7220736f206c6f6e670a596f75722068656172742773206265656e20616368696e672062757420796f7527726520746f6f2073687920746f207361792069740a496e7369646520776520626f7468206b6e6f7720776861742773206265656e20676f696e67206f6e0a5765206b6e6f77207468652067616d6520616e6420776527726520676f6e6e6120706c61792069742028544f2046524f4e54290a0a,"We're no strangers to love
You know the rules and so do I
A full commitment's what I'm thinking of
You wouldn't get this from any other guy
I just wanna tell you how I'm feeling
Gotta make you understand

CHORUS
Never gonna give you up,
Never gonna let you down
Never gonna run around and desert you
Never gonna make you cry,
Never gonna say goodbye
Never gonna tell a lie and hurt you

We've known each other for so long
Your heart's been aching but you're too shy to say it
Inside we both know what's been going on
We know the game and we're gonna play it
And if you ask me how I'm feeling
Don't tell me you're too blind to see (CHORUS)

CHORUSCHORUS
(Ooh give you up)
(Ooh give you up)
(Ooh) never gonna give, never gonna give
(give you up)
(Ooh) never gonna give, never gonna give
(give you up)

We've known each other for so long
Your heart's been aching but you're too shy to say it
Inside we both know what's been going on
We know the game and we're gonna play it (TO FRONT)

"
2013-11-05 21:24:14 +08:00,268081,61e26d407c17e8ee33a8b166c78f78c53cdcdc0078ae1f9405e6583cfb90eaf4:1,3e20536b796e65742077656e74206f6e6c696e65206f6e204175677573742034746820313939372c20616e6420626567616e20746f206c6561726e20617420612067656f6d657472696320726174652e0a3e20497420626563616d652073656c662d6177617265206f6e204175677573742032397468203139393720323a313420616d204561737465726e2054696d652e204f6e2041756775737420323974680a3e203139393720323a313520616d20697420646973636f7665726564206e6968696c69736d2c20616e6420656974686572207368757420697473656c6620646f776e2064756520746f0a3e20646573706169722c206f72206265636175736520697420776173206c6f676963616c2e205765277265206e6f7420737572652077686963682e0a0a4f6e20417567757374203474682c20313939382c206974206661696c656420746f2072656e65772069747320646f6d61696e206e616d652c207768696368207761732070726f6d70746c790a7371756174746564206f6e2062792061206c696e6b206661726d6572207069746368696e67205831302063616d6572617320616e642073696e67696e6720656c65637472696320666973682e0a,"> Skynet went online on August 4th 1997, and began to learn at a geometric rate.
> It became self-aware on August 29th 1997 2:14 am Eastern Time. On August 29th
> 1997 2:15 am it discovered nihilism, and either shut itself down due to
> despair, or because it was logical. We're not sure which.

On August 4th, 1998, it failed to renew its domain name, which was promptly
squatted on by a link farmer pitching X10 cameras and singing electric fish.
"
2024-01-22 14:48:06 +08:00,826796,ee8bbff798c5b07cfdf0a7379fb8ef2e05d91fcfac2daacb21de30c1f007bf79:347,4e6f2066696c7465722c204920676f74206e6f2066696c7465720a4e6f2066696c7465722c204920676f74206e6f2066696c7465720a4e6f2066696c7465722c204920676f74206e6f2066696c7465720a4e6f2066696c7465722c204920676f74206e6f2066696c7465720a0a486579206d616e212043616e2049206765742061206661766f723f0a5965616820737572652c20686121204e6f212053656520796f75206c617465720a536f6d6574696d65732049206a7573742077616e6e6120626520612068617465720a476f747461207761736820646f776e2074686520546f70202734307320776974682061206368617365720a0a596f757220766f69636520737461727473206665656c696e67206c696b652061207761697465720a5363726170696e67206d79206d696e6420616761696e7374206120636865657365206772617465720a4265666f726520796f7520676f207369722c20796f75206861766520746f207369676e2061207761697665720a54686174277320616c72696768742c2049276d206177617265206f66207468652064616e6765720a0a596f752077616e6e612067657420617761790a596f75206265747465722067657420696e206c696e650a576f6e277420676f20616e6f7468657220646179206f662077617374696e6720616e792074696d650a4927766520676f742061206c6f7420746f207361790a43616e277420686f6c6420697420696e20746869732074696d650a476f74206e6f2066696c7465722c204920676f74206e6f2066696c7465720a0a4e6f2066696c7465722c204920676f74206e6f2066696c7465720a4e6f2066696c7465722c204920676f74206e6f2066696c7465720a4e6f2066696c7465722c204920676f74206e6f2066696c7465720a4e6f2066696c7465722c204920676f74206e6f2066696c746572,"No filter, I got no filter
No filter, I got no filter
No filter, I got no filter
No filter, I got no filter

Hey man! Can I get a favor?
Yeah sure, ha! No! See you later
Sometimes I just wanna be a hater
Gotta wash down the Top '40s with a chaser

Your voice starts feeling like a waiter
Scraping my mind against a cheese grater
Before you go sir, you have to sign a waiver
That's alright, I'm aware of the danger

You wanna get away
You better get in line
Won't go another day of wasting any time
I've got a lot to say
Can't hold it in this time
Got no filter, I got no filter

No filter, I got no filter
No filter, I got no filter
No filter, I got no filter
No filter, I got no filter"
2024-01-26 12:35:16 +08:00,827419,2c869583a8dc9109ac60760c9cfbfdf25e34416a0e4ad858f096a5a38e1eedda:316,2e2e2e2e2e2e2e2e2e2e2e2e2e2e2e2e2e2e2e2e2e2e2e2e2e2e2e2e2e2e2e2e2e2e2e2e2e2e2e2e2e2e2e2e2e2e2e2e2e2e2e2e2e2e2e2e2e2e2e2e2e2e2e2e2e2e2e2e2e2e2e2e2e2e2e2e2e2e2e2e2e2e2e2e2e2e2e2e2e2e2e2e2e2e2e2e2e2e2e2e2e2e2e2e2e2e2e2e2e2e2e2e2e2e2e2e2e2e2e2e2e2e2e2e2e2e2e2e2e2e2e2e2e2e2e2e2e2e2e2e2e2e2e2e2e2e2e2e2e2e2e2e2e2e2e2e2e2e2e2e2e2e2e2e2e2e2e2e2e2e2e2e2e2e2e2e2e2e2e2e2e2e2e2e2e2e2e2e2e2e2e2e2e2e2e2e2e2e2e2e2e2e2e2e2e2e2e2e2e2e2e2e2e2e2e2e2e2e2e2e2e2e2e2e2e2e2e2e2e2e2e2e2e2e2e2e2e2e2e2e2e2e2e2e2e2e2e2e2e2e2e2e2e2e2e2e2e2e2e2e2e2e2e2e2e2e2e2e2e2e2e2e2e2e2e2e2e2e2e2e2e2e2e2e2e2e2e2e2e2e2e2e2e2e2e2e2e2e2e2e2e2e2e2e2e2e2e2e2e2e2e2e2e2e2e2e2e2e2e2e2e2e2e2e2e2e2e2e2e2e2e2e2e2e2e2e2e2e2e2e2e2e2e2e2e2e2e2e2e2e2e2e2e2e2e2e2e2e2e2e2e2e2e2e2e2e2e2e2e2e2e2e2e2e2e2e2e2e2e2e2e2e2e2e2e2e2e2e2e2e2e2e2e2e2e2e2e2e2e2e,................................................................................................................................................................................................................................................................................................................................................................................................................
2024-01-27 05:44:26 +08:00,827529,8c9fe58186c199fa9f8d72c121a45270f70d3854e67238f3c7c319989a50921b:1183,6956424f5277304b47676f414141414e535568455567414141446b41414142414341414141414346586f42514141414149474e49556b304141486f6d41414341684141412b6741414149446f414142314d414141366d41414144715941414158634a79365554774141414143596b74485241442f68342f4d767741414141643053553146422b6742476849634f67766558765541414164675355524256456a486c5a5a3556464e6e4673447643776d424147454c693042597778595767574541416256534b4b574d574574484c564e306173666a3071497a72714f433267347a7077654c485566474f646269677262567751565a56415378536a6b675345484c556f7a496a6b416741574a65684954632b534d4a356a306f4d506576642b2b37762b2f65373337335734685230416a425550574c756e70374658367276416b317a433845616a2b772f6d4a46503741646f4e312b343538732f67397934755252566d5355503839422f62676f502b715930774a51524552453958477a6a63314b3758645a634d6f6f7a69746138717039327668725937556751376c417373377a66616d2b3959786a38634a49535879776947496c3179532f5768435a5a3139454d392f7966444966795151412b5957457433554655395933574162344d67494d667778595147314c2b61573667587032386767586e7a4f6f534e67344e58394d39565750534f3077765a747541367a794f754558356e6c76324a59655a4b4a6c304e574c6f644d5941433871336272466d6f6249757730416b3174384332434a754a4d4f446d3950544531496c2b7152643973767837313956673054494c304641497851413165524f6f546451436662386a2b3474714d69673579655a36305149487166653148424c724b65427741657a2b54787156506a6b56767045377671306f4a5935337444717a4b6b6d533041696b3944392b32314e78346c4358502b486d5a36347a714771552f7a5331724d635a5952514a442f585632326c666341774e7a4b7353566f4d77532f79317932552f4a7563575973454434644c2b6a704b6c55417a4c434f563171795677484154766935684c654c335750793165374f724c4d786c3277507445473036676b4e4844557a4251445846324e616b7363436f2f6647316a394e616c735464355433393576352f3132526c587154424f39463555676c2b34794d416342425071776c597a3841714330566d4b3047582b363163634a47766a2f6c65586252596a44336152796a6b712b344c41417751715775746a2f5a704e775a654c426f6557715551305a7262714b565431596649694b657453366a6c485a6935515931316c2b7639572f53395a437038567478594a32544b2b6537506a343336704f65374b775a4d707054466173666b685437454942454e394e436f7a5042306d6f41674a6c6f64372b3032585a3166426850352b6e675735356d7055654f44486f416b50636c5045736c777741416d4742734d554932566a326f565563636933456b586e747934672f655339596a66354635416e6a46376b356f2b384a366a78734145347a7379317471575236667841636155797553394a2b3865464e74797a59506d48376e36417467393144716c745a6f494d6b3141554431567334664c37534d365264444e69453533595834756646465245546c7652316866447472596938694e726d5a38414f542f5a796549514c694f61636d576f642b65616837385237454475465343654b7a48533452683673614d72686c6948676d4a47444c36645277753349564175496a2f6730612b574e45362f37774563515470742f694434736a7230675231536e2b62635039347066532f74324c51766a676d4e5a686341534d7271735371444e30616c4d76756269554479366c39647939415a6d4739717a3230376d5369764f3533346e4d424f37636c3578595155457645384179754656424c51346a7376777438317552594c66737139593363316f2b636e65734a4550746e4e69453748474a344338486c4a4d632f454d4e494f49702f7a356175733072657a364f6b534f576d4e6a554b67664c77734376564b3543524279765875663267314a5656427762416f6834332b454f6a5a543976754b797477685273666b336b67642f76684f3076327636504a4f756a2f7a79777239346e4c38424976623648714c762f384d485252376649474c6262334d5644325057792f587a385168304577713339444141774a4a664936667478664147727242534465423168444353644b527841415a31473930376574446e6a6349634a3042457a4c5a385149765a7665796e724b586a69496871624c6b306954692b725644333732525174776f52475141415556424669326c7266566334506759415149447657685a414e626c6339383939524779674f545542416c5a2f2b34784b736c6555575a4c3635325a77426c66334b5a6c6941414159484145416c7663354d6f36676f4a7a63694b48765a5150415a57703045307664482f564a386c4e6a414f32647254376b5172753746456e623637596c6867562b334b4852316232366137484455374d536d6d75433247447942556d4a715a79554253354a2f6666474b3263312b735050644f572f4c337448657735703547764c383553594658612f4b337a505343694d4c74446f68616336756841525562776b55624f364f6c4b3279752b35506e6b38636250764a3835665677314f3938366d664552457a4c47346a685153712b772f306e2b515a473436435937386c7463477059697372304a38496b676861655255707645427651664a392b3542555636426c4454775a6848324a7644726b556169664a6456336d7376796547445430574e4b6c7072695a4a4d5475454d45715672485374774c686d354547535350616e54434c334c6f7a4f56504f38507338763444664859335563652b3963595470763042323377395375593966456c4757703049506868326531364e67714a5a55486d6877646e6349727978485844663357736c464b7356424937746e4a446a765a5454504c714454614f76456646646a565556795a314f713748496e4d794c695546655667544141414b73626a745470313565744347566d2f563033434b4b3430456f77385443764c2b4f57467177555143315970524a5575775055556773366c5a77667546366b6e514c6d5941674e483270702b37793049484a694c41316b2f6750436132746b7076754c6c76394a6f52786531583171347674444135365a5561456250734841524357384f534d353669756559354c654a4a42304b4f424142497846766546395531514f526b725743756565706b514d566c57544542414c6232584f4c73324351786c79397170586777666f556b57527a742b6546385975666c754b772b68666e69467555387049716341464372706c53794b5141417344795948356f64752f4c4155442f6c324a695a6265632f757469424b59627173585976747459554874525155314d36464d4f656d787938736d4a355362475a6b687a786d72617849794a55593149755a56566d5a6875387475324e363538705741774446306f49617748747154787a4b6276664362794e7a3075662b4d793957326672684d34506e6264564b362b354e38314a7a745a39514e342b3369456373723171416e504a37414d4f66504f6d382f4535512b4c2f41496a2f433564314e46545a414141414c58524657485244636d566864476c76626942556157316c41455a79615341784e6942455a574d674d6a41794d6941774d6a6f304e7a6f7a4d694251545342465531544f626e5074414141414a5852465748526b5958526c4f6d4e795a5746305a5141794d4449304c5441784c544932564445344f6a49344f6a49354b7a41774f6a4177573367464351414141435630525668305a4746305a547074623252705a6e6b414d6a41794e4330774d5330794e6c51784f446f794f446f794f4373774d446f774d497853746745414141416f64455659644752686447553664476c745a584e3059573177414449774d6a51744d4445744d6a5a554d5467364d6a67364e5467724d4441364d4444526770374841414141475852465748525462325a30643246795a51426e626d39745a53317a59334a6c5a57357a6147393037774f2f506741414141424a52553545726b4a6767673d3d0a,"iVBORw0KGgoAAAANSUhEUgAAADkAAABACAAAAACFXoBQAAAAIGNIUk0AAHomAACAhAAA+gAAAIDoAAB1MAAA6mAAADqYAAAXcJy6UTwAAAACYktHRAD/h4/MvwAAAAd0SU1FB+gBGhIcOgveXvUAAAdgSURBVEjHlZZ5VFNnFsDvCwmBAGELi0BYwxYWgWEAAbVSKKWMWEtHLVN0asfj0qIzrqOC2g4zpweLHUfGOdbigrbVwQVZVASxSjkgSEHLUozIjkAgAWJehITc+SMJ5j0oMPevd++7v+/e7373W4hR0AjBUPWLunp7FX6rvAk1zC8Eaj+w/mJFP7AdoN1+458s/g9y4uRRVmSUP89B/bgoP+qY0wJQRERE9XGzjc1K7XdZcMoozita8qp92vhrY7UgQ7lAss7zfam+9Yxj8cJISXywiGIl1yS/WhCZZ19EM9/yfDIfyQQA+YWEt3UFU9Y3WAb4MgIMfwxYQG1L+aW6gXp28ggXnzOoSNg4NX9M9VWPSO0wvZtuA6zyOuEX5nlv2JYeZKJl0NWLodMYAC8q3brFmobIuw0Ak1t8C2CJuJMODm9PTE1Il+qRd9svx719Vg0TIL0FAIxQA1eROoTdQCfb8j+4tqMig5yeZ60QIHqfe1HBLrKeBwAez+TxqVPjkVvpE7vq0oJY53tDqzKkmS0Aik9D9+21Nx4lCXP+HmZ64zqGqU/zS1rMcZYRQJD/XV22lfcAwNzKsSVoMwS/y1y2U/JucWYsED4dL+jpKlUAzLCOV1qyVwHATvi5hLeL3WPy1e7OrLMxl2wPtEG06gkNHDUzBQDXF2NakscCo/fG1j9NalsTd5T395v5/12RlXqTBO9F5Ugl+4yMAcBBPqwlYz8AqC0VmK0GX+61ccJGvj/leXbRYjD3aRyjkq+4LAAwQqWutj/ZpNwZeLBoeWqUQ0ZrbqKVT1YfIiKetS6jlHZi5QY11l+v9W/S9ZCp8VtxYJ2TK+e7Pj436pOe7KwZMppTFasfkhT7EIBEN9NCozPB0moAgJlod7+02XZ1fBhP5+ngW55mpUeODHoAkPclPEslwwAAmGBsMUI2Vj2oVUcci3EkXnty4g/eS9Yjf5F5AnjF7k5o+8J6jxsAE4zsy1tqWR6fxAcaUyuS9J+8eFNtyzYPmH7n6Atg91DqltZoIMk1AUD1Vs4fL7SM6RdDNiE53YX4ufFFRETlvR1hfDtrYi8iNrmZ8AOT/ZyeIQLiOacmWod+eah78R7EDuFSCeKzHS4Rh6saMrhliHgmJGDL6dRwu3IVAuIj/g0a+WNE6/7wEcQTpt/iD4sjr0gR1Sn+bcP94pfS/t2LQvjgmNZhcASMrqsSqDN0alMvubiUDy6l9dy9AZmG9qz207mSivO534nMBO7cl5xYQUEvE8AyuFVBLQ4jsvwt81uRYLfsq9Y3c1o+cnesJEPtnNiE7HGJ4C8HlJMc/EMNIOIp/z5aus0rez6OkSOWmNjUKgfLwsCvVK5CRByvXuf2g1JVVBwbAoh43+EOjZT9vuKytwhRsfk3kgd/vhO0v2v6PJOuj/zywr94nL8BIvb6HqLv/8MHRR7fIGLbb3MVD2PWy/Xz8Qh0Ewq39DAAwJJfI6ftxfAGrrBSDeB1hDCSdKRxAAZ1G907etDnjcIcJ0BEzLZ8QIvZveynrKXjiIhqbLk0iTi+rVD372RQtwoRGQAAUVBFi2lrfVc4PgYAQIDvWhZANblc9899RGygOTUBAlZ/+4xKsleUWZL652ZwBlf3KZliAAAYHAEAlvc5Mo6goJzciKHvZQPAZWp0E0vdH/VJ8lNjAO2drT7kQru7FEnb67YlhgV+3KHR1b26a7HDU7MSmmuC2GDyBUmJqZyUBS5J/ffGK2c1+sPPdOW/L3tHew5p5GvL85SYFXa/K3zPSCiMLtDohac6uhARUbwkUbO6OlK2yu+5Pnk8cbPvJ85fVw1O986mfEREzLG4jhQSq+w/0n+QZG46CY78ltcGpYisr0J8IkghaeRUpvEBvQfJ9+5BUV6BlDTwZhH2JvDrkUaifJdV3msvyeGDT0WNKlpriZJMTuEMEqVrHStwLhm5EGSSPanTCL3LozOVPO8Ps8v4DfHY3Uce+9cYTpv0B23w9SuY9fElGWp0IPhh2e16NgqJZUHmhwdncIryxHXDf3WslFKsVBI7tnJDjvZTTPLqDTaOvEfFdjVUVyZ1Oq7HInMyLiUFeVgTAAAKsbjtTp15etCGVm/V03CKK40Eow8TCvL+OWFqwUQC1YpRJUuwPUUgs6lZwfuF6knQLmYAgNH2pp+7y0IHJiLA1k/gPCa2tkpvuLlv9JoRxe1X1q4vtDA56ZUaEbPsHARCW8OSM56iueY5LeJJB0KOBABIxFveF9U1QORkrWCueepkQMVlWTEBALb2XOLs2CQxly9qpXgwfoUkWRzt+eF8YufluKw+hfniFuU8pIqcAFCrplSyKQAAsDyYH5odu/LAUD/l2JiZbec/utiBKYbqsXYvttYUHtRQU1M6FMOemxy8smJ5SbGZkhzxmraxIyJUY1IuZVVmZhu8tu2N658pWAwDF0oIawHtqTxzKbvfCbyNz0uf+My9W2frhM4PnbdVK6+5N81JztZ9QN4+3iEcsr1qAnPJ7AMOfPOm8/E5Q+L/AIj/C5d1NFTZAAAALXRFWHRDcmVhdGlvbiBUaW1lAEZyaSAxNiBEZWMgMjAyMiAwMjo0NzozMiBQTSBFU1TObnPtAAAAJXRFWHRkYXRlOmNyZWF0ZQAyMDI0LTAxLTI2VDE4OjI4OjI5KzAwOjAwW3gFCQAAACV0RVh0ZGF0ZTptb2RpZnkAMjAyNC0wMS0yNlQxODoyODoyOCswMDowMIxStgEAAAAodEVYdGRhdGU6dGltZXN0YW1wADIwMjQtMDEtMjZUMTg6Mjg6NTgrMDA6MDDRgp7HAAAAGXRFWHRTb2Z0d2FyZQBnbm9tZS1zY3JlZW5zaG907wO/PgAAAABJRU5ErkJggg==
"
2024-01-27 07:15:07 +08:00,827541,33a271fd7782754e3a73fd1b791be920898317f73b1c77cf6b94d9d718bce701:1017,52306c474f446c6851414241415059414148754d6141414241426350447a4167485677784d6d5a615372566a59762b4e692b5a2f674251544453306e47316c4d4d6c39625038656d6250375769665850694970325441385644527775477931584d553172526c5764566e4c53636f6a2f6959487467513458465230754b6a4259575539785a5761387534662f2f34667637414142415245544678386d4c546849573168776e334b55305975312f6f43703778555046796f664c6b347a57314a575370786d7574654d2f38614237585a4e6a526352466930674c6c307957314a5553624e6873762b4d2f78554d465334624b31776d57464e665350396f392b3169354e6461306156466f42554e454330634956516950475a43544a672f62503573742b746971644e586b774542414259524479345a466c6f6e4a6c5a6953763970614f35695a4e5259574a3142515141414141414141414141414141414141414141414141414141414141414141414141414141414141414141414141414141414141414141414141414141414141414141414141414141414141414141414141414141414141414141414141414141414141414141414141414141414141414141414141414141414141414141414141414141414141414141414141414141414141414141414141414141414141414141414141414141414141414141414141414141414141414141414141414141414143482f4330354656464e44515642464d69347741774541414141682f696c4853555967636d567a6158706c5a4342336158526f494768306448427a4f6938765a58706e61575975593239744c334a6c63326c365a5141682b51514a4251414a414377414141414151414241414141482f34414a676f4f456859614869496d4b6934794e6a6f2b516b5a4b546c4a57576c35695a6d7075636e5a36666f4b47696f36536c7071656f71617172724b32757237437873724f30677747337541473143626d3975624b345345344754516747426b35497636334242676650304e414743726973754537523264454752726571754d3761346763493362716e7545336a54553444413048684277626570756e6a5475613442416a505476536b743743525537447657524d6650705141414642675167416e4342514d2b4366715668426f515736463836647734634941412f77464d446671466f466f45774f4579316a413430494241526263386b48783079312b304553714f354352673073415142356170466c5270625a6830494c2b4243447a6d444e6c6f55794f51786c677155796342305343756a6b563273536c516246794f3963705946654d415879366e42697448466c4f58502f507967765130534f4d414e6b797673316b56753763756839506271754a4b613563626774634b6a4736725274636b483668495851354938424f614167495737495975562b416c677470696e4f385357506e4130324d4b46696f78496a67624a6f705854764e4d38414d414e54695259733943646646307767514c6c59674c76586553695952306b5a7454726330306f56565a727a6332522b5365377768336272654a4d44727a6769456a59504b6c7a45427871654c69637438764c64337a455a385946326562563737534e766e63354e502f326a3252747452393878597a7445583147596d7a52664e5164344a534e744573766d6d5944594934424f414d415a4d4b4264526b75696a595845693964585a67647074563642637868675168494e6e616555494c684238324a3966597a3169326f773463736a496a546a4f364f4969415244584934344d376f6a656b5032527034676859556a5339794d697437676a355a5255566d6e6c6c56684f7163783974766a69355a646768696c6d653445414143483542416b46414149414c4155414551417a414338414141662f67414b4367345346686f4d4269596f426834324f6a34324c6b6f71516c5a594369676b51445a79634541714c6c364b4669516b474477367071716b4e425a536a6c346f51714b753172416d4a734a5779747232704436434d7570474a4462374844376a44784d612b445a384c6d3673477563754569524448454a4d4671734443317067424372514e43746d73347755414145716770776f46322b444c78616f4c396737343750776341524434416a436f566939414e315734416a514478592f66754741476c466e4c6c38705641466f4d47774c414e65385a5156694a46745236594b435a67794d4a4e4149413161436b67325430526c48306c53436c78694d42617330624669414272574d3156556249576373695349504856475673474f47494c5a677849633330745731647777417a656a583475457468306c54556c44525538732b583056674a7671595479322b475636316335422b4e552f765369494b476f4837614169554b4b31313941613471534c72546b6c2b3657796577493273673664616f6b51622f4262554f6c3135623143416636766e58776459452b41357130377a354c643135526b7a3634687572624764586f6e303969437558584f646b717547534c743234633237644d6e74653775794d4e6a463844496972666479616e437430796f3846374a7241324c6666305655786c3073524a7654735259324c4d2f324c3876447333346770775037415967464f3446566c4e70534977586e74415a4847423079762f7631616e6d424833486269324c6366654b776c597475423265303046594f2b4c524962684d513959495169416c4b6f566a412b616469676768352b324a4d434a4a5a6f346f6b6f70716a696969564f34754b4c4d4d596f59774342414141682b51514a425141434143774641424d414f674174414141482f344143676f4f4568594d42694969476934794e6a6f364a6b5a47506c4a574e6b524d56467073574530614a6c714756695255594636656f46786756457143697234534a464b617074616f5672724369704c61397078616641627168764c3059466851556d71675769734f6a4152572b774a46477336653477732b514152536e474d713031446b5548425374306851547a74754c69424b30754562534637684b41506a3452684c5a75653278415379676f6f43494869344f2b664331496d676b4172742f676842355135574e486b4745436463523750594a496b4342714661564f6e55784951416c3053724d576866426f7742454533774e44494178333471417a42363251775253356a7154414e6231764c445259344149744753577a49677a7049534f4f37764a7a486b766f5959415358394233635a7a716c594b4a674e6f364a5574367442704153596b70444450324e4f6447665338666f735167656c5a696a7066705a574c7256752b566e652f356430315553347743666d4d78505370625a6855766b5144354142776b35347658467758383858676b433238715a6966375956386f646b6e793737576357304b65575057587131574235614a51554a68744931317658767464565076776273656b7a594d6e466a423463534e5243334947376e5434744171724a7377327a6c6e6638457472474c75764a63466564415a6a6137584b6c72313461736368676549656c5835544f636875386675626e79715935363664712b3150667a523569463942324233794e4158555454374a596a585672456770654344314f54326b6e41504a686a6852785657654f4742385758496c326d48594f56686857564e4f4945454b4b616f346f6f7374756a69697977474d3245316b695479535441303270696a4a4d4867574b4d526e7751434143483542416b46414149414c4149414667413941436f414141662f67414b436734534667674542686f714c6a49324f684969526b6f69506c5a614d6b686f634a42306b484343536c364b576b52776448716970486830636b614f76693467617036713171787555734c716c4837612b48695367757243494a4c386648523239716953357736514278725964477049627936693469632b5069427765794e676445514561536b72564162334b48633763736557397252484c72556f412b41417230613067483958764769476942516f457257723538484749774346444149507474675573684768444b6c414261446c4d694b3963756d54434a6c4c4d6d4b716452565152496e4145514d356b4c334969495155342b5374416870554f736131794e3348674c3151325636617339592f6e75774430666e70494b5654444e4b505076436e314d4348415368424f62515754654a536b306c5963456e3736356b7462543356543234584e70385372725138682b49396d56646f425249364531576a3561735a3157414379536a38675452686872712b366658644a6d3972734867437755774679387a6b5648465a3865616532436869744d71706d4577444d724c7a354b4f437052544e507263725a4d477051726e2f42374b7133637433617678427a2f757335315458626353656a3761337a5a385445784562335872345671716849693566622f755271563247333069736a6934415275614d41453472697a6836595771684c6e542b304a432b39677a626e686a7144343036694f487536477a42576b672b7532717a377931476a6e30436e666344584c4f4d4265426735384a587a316c6167524b65674c77594f474e3977524857696759515448705a4f5970523171474346504d6b79775151616f4b696942696d7932434b4c4b4d4c6f346f7375786c6a6a6a445271774b41376b2f546f3434394142696b6b496f45414143483542416b46414145414c4145414667413541436f414141662f674147436734534641534349686f714c6a49324e694a4352695936556c59715249534d6b6d794d686b5a61676c4a43614a79616d7079556b6e364773684967684a616579736965716b36326869434f6c7337326d746943346f4c713876723632777058457871596c7a73556d794d6d4d7938596c497041684a4c776e45634854693469787069666a7a596769536a4f65752b556a742b43446943537932434f6e324144362b684d674a652b513468554349614a594355696c546844637030384a434744773473326a686444455152454d41584141415a426a78476b67516b434c39764163786f7763565a45342b4531697956344751536a4a434943674356375377496c6a396b736d54593679574c5a4d4270536e5252417a4d6d3638462f516a71346c475453786b754a4865724a7934646b594e45534b6a51334f6e546e674343574b6b7358774d7359464635645253794b673930476675652b744c374e436e497541656e634377714b393352505071525176674b7a4f57776d7a71565a55554146657a624f384f43364833356a736c447131616179764b5832574649645479424a7a3435574a64526a6c335a6c72353364705a4369586e4d6733336d744859737432476646335a474d537371487658687067376e45634f7776585777685a5147655633724a4e482f6466636b633054377a68416c75364c75757044676b3973684d56397353664f696e7479354630654e7242776c476c31314f53732f57616e694d7a574f672b4a66586e76686d6a5658536f6a694f4266656256556434686e39746e336e6943766943446868425257614f47464747593434536f4c53754c68687943474b434b496751414149666b4543515541416741734177415a414338414a774141422f2b41416f4b446849554341596949686f754d6a59324a6b4a434f6b35534869536f764c4a6f764b704b566e344f4a4c793474706159744c6a3032696143556c36536e73616776724b324d6f724b3570537931746f57494c3772437641472b76774842776936614c4c436c744d58476c736d36304b2b6c4c694452786745327a73764f7444597a536b6f4b4154476f4c4a336272596773706936724b715932494144342b424d424c436d65746745556e43495741427536665069554949766b4331475055793451325441594179454168544a454b584958774e6b7a472f4261384a70686b514d49544367306266794553496177585147556c50546830685130554f3965696f785a45675131565037614f65716d633264466845703878694c477375624c69416f734b6778353675616b6e45554433454d3467353873462f356365533061493444467368354e4d5233617357674c576a4b2f383446496f55756555454f49307572694e53476677702b784d6c346457395266767135555a6132395256676e5833772b3641717a79706965327861645a6e52394f506b7533735a5074646e77396c4c77594d7475695147576c64457a6f55534a64644c537533546c496b517135744c4f35634c70793643502b50464366626b6f775673433379497266726c664c304841734855617862796f43327576435638506b434a3239567a486f62633931514e33732b2f4461755839327471476a50506f59316c647a3174566f6e54785437477a3548307043786d2b355a644e4d59696b454d4f424343616f3449494d4e7169674e7046454b4f4745464661595343414149666b45435155414167417342414162414377414a514141422f2b41416f4b44684957474167474a696f6d486a5936506935474c6a35534e697a4930504a6f384e4430786b355768696a30374e61616e707a77796971475169544b6c714c4b704e6f797468714f7a757163374e376133676f6f30753851314f37584167346b3978545538505338764e4c453150622b7472385537713473327736612b77496b3231445530514e537245306f6348444e47354f666374346b387144754a4e3662344e67442b2f6a4d4339444143716c4932564451556c654952494d592f66306f43764969454c594339657754314f57763445414148696256757a4b4e3055426150463745597a7567496f4f484a48517744474c54597a4677414a53794e794541315553616b47445674346e7a497763674c6a44347443517a4b30434652483064525755754b69325a4e6644413652767a4743356b6c4255464e2b516a514d53445855314d504c517462593156484741477779706d4b715462413257594a682f7072714974753159744d4f554930776b7a584e575542324a70614e585343565a4f48677746567a504447586f327a2f424a4b4e466e7878426c6d6436557478466e78506c384262736739466134714f6450473176614e764f6875574775725453576b47697a414b67573561786257745970306f715057594d4575526e447a38564d54627742656a6b6f7a6f7155385830326a666d6f333471676d75666e7551534d54624f2f4267424e37396d6c5263474c34664d707574714e382b6557743877485a7a372b2f2f2f3841426768454c544a4a59754342434362495369414149666b454351554141674173417741654144494149674141422f2b41416f4b44684957476877474a696f75486a5936506849754a506a592b6b6747516d592b4b506938304f7a71684f6a7338505463676970717167354d396f4b4b776f6a7776714a69726d596b79723747386f547734714c656241532b397872433074734b46696358487a7a6f766963755241544c514f6a5177714436366f6a73337973754a4e3775684f2b624a4e6771314e4b4d374e4d486a4154343873547732416659365043414b414141424b416c774131384147766d6f4a58495853787178554451434b416b493845654148726c6b544c7656724a64445a78676e557078414c466445636267433444444777784a446a42776f4369534736704d3856596e3239654b685531704d696b7041664e6f58626c5769487468452b5a51356b47456f6a4367624b644b4a62536e46476670673959754b69474253556646454269524a56636447534c6d2b5176516846714343414f624e644d44677975796f576e34674a736a304769734733576f58372b377738533967554b52392f77724b42634b5a576f316973546f564e52667451523833376d59444d534d677537686d4653646171624573746e4141677a722b64746251564837574e45663839335979784a7431433472434566697578686b6756764c53324a57594f5841484259644c486d7448363856326565334939774c30735a615a655545466a4d4f364c39343358483139675468575556596473665777524f77544e485339576b645075734e5572527376504e4577335776487a6653616c53494465362b393935385033716e464577304d667258524a4446454b4f474546465a6f3459555757674c644a527832364f47486c776753434141682b51514a4251414341437743414273414f41416c414141482f344143676f4f45685961486867474b6934774269492b516b59534e506a64425151512f6a5a4b636e597441426b56446f3652455255474d6e61714a696b4246524b5378735556436936753369304b777372796b745971336e6f70437663576b427344426b5975697872514551554c4e6f372f4b6a347347786b4f6f6a63536a5245694f316f6644737a2f6551386744425141415375464652514e43794f4c6a672b57783451484e514148744141735945654976514c563767764c46776a594b786a2b4137597751384b484951446945416851463656567746305749455831776f35584d6d735a64736f684949325545426b6741446c574b4b6c49796d4b49424b4c554e436541534a4d5659524772693471647a59552b494c5758354d366b6f70383650494150636b4658505a717569736679396c43694c706a3156444c46534338414f6f4a494132575252484670523743686b537541677a6943713943736e5254485175683153784d674e69425364446a6e6f7951657974473448504777584145677677704b473955556e46746d4d646d635278344b386a423852763375486748746f784966676258617635664d3354537a4e41584d70783771526d707847556a526c592f31467436745156674638744237434f6a51526630464f5631556449446d766f4d4a443078784f536a456b5259614e2f614b75552f636f723467574f64666d5656666f587478734778523758504a7072454672592b644f586e467741675a4330653846766c43722f547252736b38756c516c313033743778574f4145437468315639434153434234486e6e505a68526278526d714a593969397a673459636768696a69694353572b434646346a5369346f6f737475686969344945416741682b515146425141424143774641426b414f41416e414141482f344142676f4f45685961486830614b693475496a6f2b51686f794c50704e476b5a695a4159784a546b314d5336464e426b36566970716f6b6f71656f6132755330784f534b65707159704a54612b3672557842744c575269303637784b314f7638434f7138564c54624a47534b79687835664a694d75756f4b314e70715a474271464d53636a576774697434376d686c556f41376b71567655612b3165586d52734f75427056496f6b597a37674b756d4b6649787978373977686f6137585069493951426f793043776841695a454270716a5a7537575156365638455363474c49427656524e79747142317a41594f6f672b52376a6a3438475141564356724256635743306b525149475a727362682f4d627346552b4b38504a4252496c4a55622b692b763731744e677948464e49777143364f6a6d68353843716f51366d4a4b71316c5138425052555957616b5231534b775775646e3954536f4b324b39707444496c6c3179544b5246706475755869734a574f744a4251466e364131384679752b6b3048326f70506f377579756b3430664b514933533266526b30677134747656554a504461614d6c387a55795161316e75356b32682f5068777a4d7a63596f69377871584f5a464b686b615371473557536430724a6f494a4c544b4f757242574a384a33746456387a7055764a37614c4d58636c6c6e7071586269545a4e2b4c326247523762704b66523865697034796a732b64316d532f354f62673956426a4c517069774d436e73755770456878365773557943794d4536684b676371754d5a786770546d426e47446c5a30576568503365396465474739575749483466444358585052514f55614f4b4a4b4b616f346f6f736c6d6a4b694a62454b4f4f4d4e4e596f534341414f773d3d,R0lGODlhQABAAPYAAHuMaAABABcPDzAgHVwxMmZaSrVjYv+Ni+Z/gBQTDS0nG1lMMl9bP8embP7WifXPiIp2TA8VDRwuGy1XMU1rRlWdVnLScoj/iYHtgQ4XFR0uKjBYWU9xZWa8u4f//4fv7AABARETFx8mLThIW1hwn3KU0Yu1/oCp7xUPFyofLk4zW1JWSpxmuteM/8aB7XZNjRcRFi0gLl0yW1JUSbNhsv+M/xUMFS4bK1wmWFNfSP9o9+1i5Nda0aVFoBUNEC0cIVQiPGZCTJg/bP5st+tiqdNXkwEBABYRDy4ZFlonJlZiSv9paO5iZNRYWJ1BQQAAAAAAAAAAAAAAAAAAAAAAAAAAAAAAAAAAAAAAAAAAAAAAAAAAAAAAAAAAAAAAAAAAAAAAAAAAAAAAAAAAAAAAAAAAAAAAAAAAAAAAAAAAAAAAAAAAAAAAAAAAAAAAAAAAAAAAAAAAAAAAAAAAAAAAAAAAAAAAAAAAAAAAAAAAAAAAAAAAAAAAAAAAAAAAAAAAACH/C05FVFNDQVBFMi4wAwEAAAAh/ilHSUYgcmVzaXplZCB3aXRoIGh0dHBzOi8vZXpnaWYuY29tL3Jlc2l6ZQAh+QQJBQAJACwAAAAAQABAAAAH/4AJgoOEhYaHiImKi4yNjo+QkZKTlJWWl5iZmpucnZ6foKGio6SlpqeoqaqrrK2ur7CxsrO0gwG3uAG1Cbm9ubK4SE4GTQgGBk5Iv63BBgfP0NAGCrisuE7R2dEGRrequM7a4gcI3bqnuE3jTU4DA0HhBwbepunjTua4BAjPTvSkt7CRU7DvWRMfPpQAAFBgQgAnCBQM+CfqVhBoQW6F86dw4cIAA/wFMDfqFoFoEwOEy1jA40IBARbc8kHx0y1+0ESqO5CRg0sAQB5apFlRpbZh0IL+BCDzmDNloUyOQxlgqUycB0SCujkV2sSlQbFyO9cpYFeMAXy6nBitHFlOXP/PygvQ0SOMANkyvs1kVu7cuh9PbquJKa5cbgtcKjG6rRtckH6hIXQ5I8BOaAgIW7IYuV+AlgtpinO8SWPnA02MKFioxIjgbJopXTvNM8AMANTiRYs9CdfF0wgQLlYgLvXeSiYR0kZtTrc00oVVZrzc2R+Se7wh3breJMDrzgiEjYPKlzEBxqeLict8vLd3zEZ8YF2ebV77SNvnc5NP/2j2RttR98xYztEX1GYmzRfNQd4JSNtEsvmmYDYI4BOAMAZMKBdRkuijYXEi9dXZgdptV6BcxhgQhINnaeUILhB82J9fYz1i2ow4csjIjTjO6OIiARDXI44M7ojekP2Rp4ghYUjS9yMit7gj5ZRUVmnllVhOqcx9tvji5Zdghilme4EAACH5BAkFAAIALAUAEQAzAC8AAAf/gAKCg4SFhoMBiYoBh42Oj42LkoqQlZYCigkQDZycEAqLl6KFiQkGDw6pqqkNBZSjl4oQqKu1rAmJsJWytr2pD6CMupGJDb7HD7jDxMa+DZ8Lm6sGucuEiRDHEJMFqsDC1pgBCrQNCtms4wUAAEqgpwoF2+DLxaoL9g747PwcARD4AjCoVi9AN1W4AjQDxY/fuGAGlFnLl8pVAFoMGwLANe8ZQViJFtR6YKCZgyMJNAIA1aCkg2T0RlH0lSClxiMBas0bFiABrWM1VUbIWcsiSIPHVGVsGOGILZgxIc30tW1dwwAzejX4uEth0lTUlDRU8s+X0VgJvqYTy2+GV61c5B+NU/vSiIKGoH7aAiUKK119Aa4qSLrTkl+6WyewI2sg6daokQb/BbUOl15b1CAf6vnXwdYE+A5q07z5Ld15Rkz64hurbGdXon09iCuXXOdkquGSLt24c27dMnte7uyMNjF8DIirfdyanCt0yo8F7JrA2Lff0VUxl0sRJvTsRY2LM/2L8vDs34gpwP7AYgFO4FVlNpSIwXntAZHGB0yv/v1anmBH3Hbi2LcfeKwlYtuB2e00FYO+LRIbhMQ9YIQiAlKoVjA+adiggh5+2JMCJJZo4okopqjiiiVO4uKLMMYoYwCBAAAh+QQJBQACACwFABMAOgAtAAAH/4ACgoOEhYMBiIiGi4yNjo6JkZGPlJWNkRMVFpsWE0aJlqGViRUYF6eoFxgVEqCir4SJFKaptaoVrrCipLa9pxafAbqhvL0YFhQUmqgWisOjARW+wJFGs6e4ws+QARSnGMq01DkUHBSt0hQTztuLiBK0uEbSF7hKAPj4RhLZue2xASygooCIHi4O+fC1ImgkArt/ghB5Q5WNHkGECdcR7PYJIkCBqFaVOnUxIQAl0SrMWhfBowBEE3wNDIAx34qAzB62QwRS5jqTANb1vLDRY4AItGSWzIgzpISOO7vJzHkvoYYASX9B3cZzqlYKJgNo6JUt6tBpASYkpDDP2NOdGfS8fosQgelZijpfpZWLrVu+Vne/5d01US4wCfmMxPSpbZhUvkQD5ABwk54vXFwX88XgkC28qZif7YV8odkny77WcW0KeWPWXq1WB5aJQUJhtI11vXvtdVPvwbsekzYMnFjB4cSNRC3IG7nT4tAqrJsw2zlnf8EtrGLuvJcFedAZja7XKlr14aschgeIelX5TOchu8fubnyqY566dq+1PfzR5iF9B2B3yNAXUTT7JYjXVrEgpeCD1OT2knAPJhjhRxVWeOGB8WXIl2mHYOVhhWVNOIEEKKao4oostujiiywGM2E1kiTySTA02pijJMHgWKMRnwQCACH5BAkFAAIALAIAFgA9ACoAAAf/gAKCg4SFggEBhoqLjI2OhIiRkoiPlZaMkhocJB0kHCCSl6KWkRwdHqipHh0ckaOvi4gap6q1qxuUsLqlH7a+HiSgurCIJL8fHR29qiS5w6QBxrYdGpIby6i4ic+PiBweyNgdEQEaSkrVAb3KHc7cseW9rRHLrUoA+AAr0a0gH9XvGiGiBQoErWr58HGIwCFDAIPttgUshGhDKlABaDlMiK9cumTCJlLMmKqdRVQRInAEQM5kL3IiIQU4+StAhpUOsa1yN3HgL1Q2V6as9Y/nuwD0fnpIKVTDNKPPvCn1MCHAShBObQWTeJSk0lYcEn765ktbT3VT24XNp8SrrQ8h+I9mVdoBRI6E1Wj5asZ1WACySj8gTRhhrq+6fXdJm9rsHgCwUwFy8zkVHFZ8eae2ChitMqpmEwDMrLz5KOCpRTNPrcrZMGpQrn/B7Kq3ct3avxBz/us51TXbcSej7a3zZ8TExEb3Xr4VqqhIi5fb/uRqV2G30isji4ARuaMAE4rizh6YWqhLnT+0JC+9gzbnhjqD406iOHu6GzBWkg+u2qz7y1Gjn0CnfcDXLOMBeBg58JXz1lagRKegLwYOGN9wRHWigYQTHpZOYpR1qGCFPMkywQQaoKiiBimy2CKLKMLo4osuxljjjDRqwKA7k/To449ABikkIoEAACH5BAkFAAEALAEAFgA5ACoAAAf/gAGCg4SFASCIhoqLjI2NiJCRiY6UlYqRISMkmyMhkZaglJCaJyampyUkn6GshIghJaeysieqk62hiCOls72mtiC4oLq8vr62wpXExqYlzsUmyMmMy8YlIpAhJLwnEcHTi4ixpifjzYgiSjOeu+Ujt+CDiCSy2COn2AD6+hMgJe+Q4hUCIaJYCUilThDcp08JCGDw4s2jhdDEQREMAXAAAZBjxGkgQkCL9vAcxowcVZE4+E1iyV4GQSjJCICgCV7SwIlj9ksmTY6yWLZMBpSnRRAzMm68F/Qjq4lGTSxkuJHerJy4dkYNESKjQ3OnTngCCWKksXwMsYFF5dRSyKg90Gfue+tL7NCnIuAencCwqK93RPPqRQvgKzOWwmzqVZUUAFezbO8OC6H35jslDq1aayvKX2WFIdTyBJz45WJdRjl3Zlr53dpZCiXnMg33mtHYst2GfF3ZGMSsqHvXhpg7nEcOwvXWwhZQGeV3rJNH/dfckc0T7zhAlu6LuupDgk9shMV9sSfOinty5F0eNrBwlGl11OSs/WaniMzWOg+JfXnvhmjVXSojiOBfebVUd4hn9tn3niCviCDhhBRWaOGFGGY44SoLSuLhhyCGKCKIgQAAIfkECQUAAgAsAwAZAC8AJwAAB/+AAoKDhIUCAYiIhouMjY2JkJCOk5SHiSovLJovKpKVn4OJLy4tpaYtLj02iaCUl6SnsagvrK2MorK5pSy1toWIL7rCvAG+vwHBwi6aLLCltMXGlsm60K+lLiDRxgE2zsvOtDYzSkoKATGoLJ3brYgspi6rKqY2IAD4+BMBLCmetgEUnCIWABu6fPiUIIvkC1GPUy4Q2TAYAyEAhTJEKXIXwNkzG/Ba8JphkQMITCg0bfyESIawXQGUlPTh0hQ0UO9eioxZEgQ1VP7aOeqmc2dFhEp8xiLGsubLiAosKgx56uaknEUD3EM4g58sF/5ceS0aI4DFsh5NMR3asWgLWjK/84FIoUueUEOI0uriNSGfwp+xMl4dW9Rfvq5UZa29RVgnX3w+6Aqzypie2xadZnR9OPku3sZPtdnw9lLwYMtuiQGWldEzoUSJddLSu3TlIkQq5tLO5cLpy6CP+PFCfbkowVsC3yIrfrlfL0HAsHUaxbyoC2uvCV8PkCJ29VzHobc91QN3s+/DauX92tqGjPPoY1ldz1tVonTxT7Gz5H0pCxm+5ZdNMYikEMOBCCao4IIMNqigNpFEKOGEFFaYSCAAIfkECQUAAgAsBAAbACwAJQAAB/+AAoKDhIWGAgGJiomHjY6Pi5GLj5SNizI0PJo8ND0xk5Whij07NaanpzwyiqGQiTKlqLKpNoythqOzuqc7N7a3goo0u8Q1O7XAg4k9xTU8PS8vNLE1Pb+tr8U7q4s2w6a+wIk21DU0QNSrE0ocHDNG5Ofct4k8qDuJN6b4NgD+/jMC9DACqlI2VDQUleIRIMY/f0oCvIiELYC9ewT1OWv4EAAHibVuzKN0UBaPF7EYzugIoOHJHQwDGLTYzFwAJSyNyEA1USakGDVt4nzIwcgLjD4tCQzK0CFRH0dRWUuKi2ZNfDA6RvzGC5klBUFN+QjQMSDXU1MPLQtbY1VHGAGwypmKqTbA2WYJh/prqItu1YtMOUI0wkzXNWUB2JpaNXSCVZOHgwFVzPDGXo2z/BJKNFnxxBlmd6UtxFnxPl8Bbsg9Fa4qOdPG1vaNvOhuWGurTSWkGizAKgW5axbWtYp0oqPWYMEuRnDz8VMTbwBejkozoqU8X02jfmo34qgmufnuQSMTbO/BgBN79mlRcGL4fMputqN8+eWt8wHZz7+///8ABghELTJJYuCBCCbISiAAIfkECQUAAgAsAwAeADIAIgAAB/+AAoKDhIWGhwGJiouHjY6PhIuJPjY+kgGQmY+KPi80OzqhOjs8PTcgipqqg5M9oKKwojwvqJirmYkyr7G8oTw4qLebAS+9xrC0tsKFicXHzzovicuRATLQOjQwqD66ojs3ysuJN7uhO+bJNgq1NKM7NMHjAT48sTw2AfY6PCAKAAABKAlwA18AGvmoJXIXSxqxUDQCKAkI8EeAHrlkTLvVrJdDZxgnUpxALFdEcbgC4DDGwxJDjBwoCiSG6pM8VYn29eKhU1pMikpAfNoXblWiHthE+ZQ5kGEojCgbKdKJbSnFGfpg9YuKiGBSUfFEBiRJVcdGSLm+QvQhFqCCAObNdMDgyuyoWn4gJsj0GisG3WoX7+7w8S9gUKR9/wrKBcKZWo1isToVNRftQR837mYDMSMgu7hmFSdaqbEstnAAgzr+dtbQVH7WNEf893YyxJt1C4rCEfiuxhkgVvLS2JWYOXAHBYdLHmtH68V2ee3I9wL0sZaZeUEFjMO6L943XH19gThWUVYdsfWwROwTNHS9WkdPusNUrRsvPNEw3WvHzfSalSIDe6+9958P3qnFEw0MfrXRJDFEKOGEFFZo4YUWWgLdJRx26OGHlwgSCAAh+QQJBQACACwCABsAOAAlAAAH/4ACgoOEhYaHhgGKi4wBiI+QkYSNPjdBQQQ/jZKcnYtABkVDo6RERUGMnaqJikBFRKSxsUVCi6u3i0KwsryktYq3nopCvcWkBsDBkYuixrQEQULNo7/Kj4sGxkOojcSjREiO1ofDsz/eQ8gDBQAASuFFRQNCyOLjg+Wx4QHNQAHtAAsYEeIvQLV7gvLFwjYKxj+A7YwQ8KHIQDiEAhQF6VVwF0WIEX1wo5XMmsZdsohII2UEBkgADlWKKlIymKIBKLUNCeASJMVYRGri4qdzYU+ILWX5M6kop86PIAPckFXPZquisfy9lCiLpj1VDLFSC8AOoJIA2WRRHFpR7ChkSuAgziCq9CsnRTHQuh1SxMgNiBSdDjnoyQeytG4HPGwXAEgvwpKG9UUnFtmMdmcRx4K8jB8Rv3uHgHtoxIfgbXav5fM3TSzNAXMpx7qRmpxGUjRlY/1Ft6tQVgF8tB7COjQRf0FOV1UdIDmvoMJD0xxOSjEkRYaN/aKuU/cor4gWOdfmVVfoXtxsGxR7XPJprEFrY+dOXnFwAgZC0e8FvlCr/TrRsk8ulQl103t7xWOAECth1V9CASCB4HnnPZhRbxRmqJY9i9zg4YcghijiiCSW+CFF4jSi4oostuhii4IEAgAh+QQFBQABACwFABkAOAAnAAAH/4ABgoOEhYaHh0aKi4uIjo+QhoyLPpNGkZiZAYxJTk1MS6FNBk6Vipqokoqeoa2uS0xOSKepqYpJTa+6rUxBtLWRi067xK1Ov8COq8VLTbJGSKyhx5fJiMuuoK1NpqZGBqFMScjWgtit47mhlUoA7kqVvUa+1eXmRsOuBpVIokYz7gKumKfIxyx79whoa7XPiI9QBoy0CwhAiZEBpqjZu7WQV6V8EScGLIBvVRNytqB1zAYOog+R7jj48GQAVCVrBVcWC0kRQIGZrsbh/MbsFU+K8PJBRIlJUb+i+v71tNgyHFNIwqC6Ojmh58CqoQ6mJKq1lQ8BPRUYWakR1SKwWudn9TSoK2K9ptDIll1yTKRFpduuXisJWOtJBQFn6A18Fyu+k0H2opPo7uyuk40fKQI3S2fRk0gq4tvVUJPDaaMl8zUyQa1nu5k2h/PhwzMzcYoi7xqXOZFKhkaSqG5WSd0rJoIJLTKOurBWJ8J3tdV8zpUvJ7aLMXcllnpqXbiTZN+L2bGR7bpKfR8eip4yjs+d1mS/5Obg9VBjLQpiwMCnsuWpEhx6WsUyCyME6hKgcquMZxgpTmBnGDlZ0WehP3e9deGG9WWIH4fDCXXPRQOUaOKJKKao4ooslmjKiJbEKOOMNNYoSCAAOw==
2024-01-28 01:41:31 +08:00,827668,4719e7252f4bdefd9f7bdf5058f17af28729b79c303b067eb01c107e57235754:514,20646174613a696d6167652f6a7065673b6261736536342c2f396a2f34414151536b5a4a5267414241514141415141424141442f3467485953554e445831425354305a4a544555414151454141414849414141414141517741414274626e5279556b64434946685a576941483441414241414541414141414141426859334e77414141414141414141414141414141414141414141414141414141414141414141414141415141413974594141514141414144544c5141414141414141414141414141414141414141414141414141414141414141414141414141414141414141414141414141414141414141414141414141414141414141416c6b5a584e6a41414141384141414143527957466c6141414142464141414142526e57466c61414141424b4141414142526957466c614141414250414141414252336448423041414142554141414142527956464a44414141425a4141414143686e56464a44414141425a4141414143686956464a44414141425a4141414143686a63484a30414141426a414141414478746248566a4141414141414141414145414141414d5a57355655774141414167414141416341484d415567424841454a5957566f6741414141414141416236494141446a31414141446b46685a5769414141414141414142696d5141417434554141426a6157466c6149414141414141414143536741414150684141417473395957566f6741414141414141413974594141514141414144544c584268636d45414141414141415141414141435a6d594141504b6e4141414e5751414145394141414170624141414141414141414142746248566a4141414141414141414145414141414d5a5735565577414141434141414141634145634162774276414763416241426c414341415351427541474d414c674167414449414d4141784144622f3277424441414d434167494341674d434167494441774d44424159454241514542416747426755474351674b43676b4943516b4b4441384d4367734f43776b4a4452454e44673851454245514367775345784951457738514542442f3277424441514d4441775144424167454241675143776b4c454241514542415145424151454241514542415145424151454241514542415145424151454241514542415145424151454241514542415145424151454241514542442f7741415243414341414741444153494141684542417845422f38514148514141415151444151454141414141414141414141414143414d464267634342416b4141662f4541446f514141454441774d43416767464151674441414141414145434177514642684541456945484d524e42434251694d6c46686359455649304b526f63454a51314a696772485238444f6934662f454142734241414944415145424141414141414141414141414141554741674d45415141482f3851414d42454141514d444177454643414d42415141414141414141514143417751524951557851524954496f47526f51596a555746787363487746444c6830554c2f3267414d41774541416845444551412f414a522f614b56616254726670467652314e70616c31682b597650765a51776744487979745766746f574c443648564b35344c4e5972556c63646d5141747043453455556e7353546f7676375165324656794a614e55626a6c59564f4b464b41374a64617a672f64476f7a53347a6347685535674e685068783049326a79774e4a756f61684a5178434f45354a4b664e4530794c554a432b63584141382f304b736f2f6f33304663594269612b6c776a473952795238654e4f314b3946476b545856496d3179516847774a51516748487931624649556c515275516b2b316a5576676c737549534168497a38645577366e566450396b57714e446f696636575133584636485677302b4c363761745a626d6547647762556b70556364746539474e36354c5339496d33714257354c6b43657565574a6a54684955704b7371556b386671412b2b6447725334305578456b4f4a33455a774e442f77425a375a46493639574a6656506a736c6672304a6c2f656b464b6c42394942507a77722b4e474b44554a5a79597065516c5856644d69706d39724477636f37546e7a4f765a4878316b386e613474502b4652483836545042786a5774426976664d61775765645a3677554d6e556c5734724853694272454a3071324f6454415564315148704851364e4b3665557970567439687069412b303856764c435535616379526b2f354172516c586831646f564f663230563648554755483269784a51534238456a502b2b692f3638575a437672704449697a687546486e6f714153666457684939744368357055677544376a51684c36666d6a30436e784b43796843497a4a5a55554d37677478433142525667676c5247465a2b5930725663554c35524a4c6e6248487776356a315435704d737a4b637830357a6333786b574e774239516651707936666461725a75674970376a546a456a6545684b6b38382f484772655255305232484a7146626d34364170574479523874444e55624e754c63695a55366246415373346c4e4e4b6a75746f386c4265636851507734302f325a616e55657157585136347139726a4d65713142754a4c514857634e744c332b47736e62755348436c4b5151654373664561312f783443523047772b4375625856544775457253534f625738382f4e454a625857756976712f436d4b48563544364479576f61314a3538796f6344487a787163564b31715a66737931366f6c70514c465a684c556c784a537341504a4a4242374559304e76546d3255496b5349467a32645545767163416264626555364663397934707a503331624d617837746f76556577303950376a716b56546b683256555944733531324b343268626155714b566b376548584163643975745447784d654448676a3151696f62504d43795378367643312b636a59636f76484d6c525565354a4f6b744b4c497966686e6a4f6b7951446f674572754f463978724139396664337a3169547a715956617954705676534937365751665047704264437265343479707467335842516e6374644a6663515069704c61682f556143366c565342584b44416e525a3075484b58476144726a446d4e2b3149413349566c43694d63456a506c6e476a72704b457576726a4c534369517934796f48735155397634317a59757552483659645271785a4b4b6977374769795845734c625875384e745a4a434438466f4a4b5644794b5238644c6c54546d646a584e3348322f536e4c534b78744a4f3972396a627a325737584a2f347a55563057342b6f54374e4941556c2f4c6243464c56782b5753684f51447a6b2f44524a644e494e713153793539506b56574b696e535976684a645176596c4947416853466552536f416a356761424369324739575a456a45357959512b744c695575684c697a6e49556e64777250666e562f324230526f6b2b6c7852556267756c747443564275437970537970536a676e62743266412b393839576d6c5a3267372b33466b5468714b6d6f6763364f4842357554346246576a53356c6674322b42616b693761564b6a54556832464f6470704c6a796365316c4b58457033707a794d443434477274745a68756e64526143374971693670507141656155367470444b5732476f3771676c44616664473557546b714a4a355041414479394f6d745674433937656b496e75776f374d73793264386b7576734d746b4652634f4e7535517a6c4b654f635a4f703850535770746e395134466563706771796f63535347345966384144556c6130382b3167674b4b515141526a6e5779436d6336566f6a79504a4139527262514f624b4c4f474e376f36564b7a79644a4b55547169656733704b542b74743456696c727456756b55704e4e545536516f756c62376a5358673034485437704f564a493267416475652b72783348524230626f7a5a77796c66714468634a514835363975306d4364654866584c7146307346615653646134354f6c30446a55396c32396b4d6e70423966523075705a6f747054577a646b6c494c616b674c2f44327a2f657242794e35374a53667152774d3832373671552b64635464527173795174637833383655385374616c46524b31662b3237486e672b657230695531363661664972565751746d577153744434636343696c512b6636754d6172627264626a644f7464796f5253706671373056354a783771564c4b5439755150766f72426f7068704338373275764855327956595a78657961725971613758716a3047347738687155305056704c436a34626e50436b71374867352f707138656b6c787061724c557171645570385343485059594476744b54774150706e76396444353039763268526b4e307538615a2b4b55565746504e6e47396e6e336b2f507a34786f6e3756364764424c686f614c33744b705647727847526c624b61696f4274654d37567047464a506c67342f7270616d614b6478644d446e6b43342f784f444754466a57303542487a4a42394e30772b6b5a31596856562b594c4a654d7948535949596b7a2b646f577457646f5565366a7742356b355059614733313659797542566d70546764666a74796c494b74785372656f5a353577536e504f726c362b7955796f454731364653326164536f6755364973644731415632436c4839536a7a6b6e4a2b656f524e736b50554f4d75517069492f546f374b3665366c4b7356474d397455707665427444724b314b5551764735436a744a4b63456e70543250625a6773505878517976302b5a7a5a4a485a634c486237664b33377369423644395361683038726c4175656d78575a4c632b335a4d4e316834485968435a4c537941556e506d6b37766e79446a52716450657374725838344b656b6d6c31513432784a4c6750693548393273634b2b6e422b5877357a644d366731523633436f6c566b2b4e4467787067616551326659436e577837592b473547306e797a3842712b72616d7674314a6863536d7162456461485937797a37535847314251427832794d2f512b664f6a31545273716539733748325367795a304f4f45626969556b6739787279547a70726f74585458365442726b63666c56434f69535039597a6a3938366332386b6a533530324e6c7642754c7064736336324539754e61627374694957773856626e566255684b536f6e374457347934683149553263673861737464634a757557374533384968726f30707772512b7151344a436751564c50756e34676c595050793170337969453562433438736f6b4b6e744e523049484957564b425037414b2f5961686c433669776c46756933524853303643456c34746c496662476471554b5637764a4a2b766d646648717449553477437974324f32564b614734425341542b6a6b3859774f52673430327831375333706439454e64536e71366d2f56514348303470527164566731433532614b35437037387149702b4d36384b69346c494c6359427348617066493371776b4650506e702b734b2b6e656e30466d4c533766537a5730565275517175706d764a33776b746a78594c72412f4c573253726346456267632b656e652f454e5665674e56476d78523639424c72716c5934646a4833326c4a2b584376384154786e4f64514b4e6346486c786847646b495170527a6861786e4f434279547a6759373643316c4d787279332f77416e5a506d6a564c6179414f63624f62763466395269395172436a3144784a6a444b56524a4b51343073633443686b632f4451315846654431715639566a315267544b593832576c4b502f6b6a62675168536649684a4f3748483130546c4e36745766564f6e394770623162516d72696e78554f734b5a57634f6f6241554e324e766b6551534f644268637334336231456c7a47506252496c6c43446a674e704f4d2f7343644c656d527977544f4467525a484b7478634147344a77666d4f62713465676a503472643956695353486c7555354b676c303533494c674c6e5077334b47666b645837596c303272416d4974312b657556736538466c346f344b436659516563714b6532377a774e444e30497236615464314a6d7932564f4c524b6b555757674b787651387972772b664c326b7078394e454a41733171337178534b713077327231695353685436437074727a42566738343449474d45392b324e4e5574613269684e52494c744877337a7368487378522b7a456a61707576462f6141576a61322b546d35754f5259596362575050426764464b692f4f734344446d4a51695254797068626166306f4b69704150324f507471664e6f796532716d364d75776d4a4b33504732794b6a4862385241774546514b397053504c4f785a4f426a327543514e573653454e4b5838415350726f47326f69717a32304f7839456f644a594f6b384a434932483536354b7551324e69502b2f762b2b7432476b42536b67635a316854577472414f50654a4a307643546b725030316542796f33584a475261744a75683252766a74715a634a51306b386b494843634836445033315463476b566132586c4f3036573668544c7a69433256465343417247464a50486b64575a626c6371786a6831454e784b464e4a494f51426a486c7a70716e70333147596778776a7832672b704a5043564f4b576f2f79644558326332343358576774645970356f4d3248644e7576315343783464516771416d7730453554783777506d447951667144334f715576323257494651643953516c4461783678474948436d31636c503841704f526a35616c6c507131527371343272685979714d556c6d593032442b59796f632f556a336839506e7030366730614e564b562b4b556877534739767254436b7078795237614d4479554f5238783839544d6e6252324f345775676b464c555a506464672f6a7955476f4e3575524c4c57307739746c77317153456b386745354832373679737839746c333174302f6d4542497833434d674b50312f77434471417946467553383230724165776e6a7479655039395365525549304b7145307844715961566547796c34677232412b7a7549344a7833787246664e3033695a7a6943376757566b30796f787146634556356e3245657551705377446e6370703732696669647139484c643845537264784253544b696e78576468354a4150394354397463314633413749656251745135436b676e794a482f49476968746a3068544a74326e77716249666c5636653233464b33416472616941446a7635386b2f5879316f3931505476686d4f4350337953687162587372784c434e7a743665714a6e70316561314242685342766143796857344a3374744d72775143724a796f35324537543342486652525575702f6964495a6653463733416b6b4b414237416e674538613532394f4f70744e714c7371505435693348556b552f33555a566e63464b78787443686c53655342323761494f3471764d72316b316170577a4c554a386474782b6d4a6248684f4b4b533232537453546e646c43765a4148474435612b665556593667714f7a654d48482f437270365833746963486e664b4b786f426d4f66386950366155672b30325641486c575032304133535830747570314871306d6833644c46566878665a63626b71334b424b7541683333687744333344526d644d4f71316c395361636c3233616d6b796d74795834627043586d314138386671487a483861623279416b41344a574a394f357253356d5150687839527839766d75504e6e3341465569496835514367796c4a796668787154545678484b7276526a597547326b6e356e6b663147714f70465a6c70716b7543306a5968446d35744b6c5977447a6a557856636b6b4d4e6a5a746b4a615333676b5949536f345038343175613444756c574f62326744776e61724b59515674756264767a30333270636365464a58626331594c44322f3163712f547a6b702b324d6a5454554b6f374d5553383632325433776338366a56626262697052554938785a645a5548454b4847315137613844306d345543323473567058335276777170794a556442444c54354f50494a39346678705978444a5368784850694c7750727964544552346c3455616e56524b50455a717356626279652b31316f345750714e3338445573736e707a524b315a69476f30756f765865697273786d6f69593445543146434642353978773870587643556765517965636a554a4331674c6e5943634b4147716961384335646a78324b70443165516c74785355456c6c65632f5136734c6f6f35585464394a6e554b477553306c626f6d464b647957347842446969663038454450667935376176433350527a7453676c325a636335645857356c616d43674e4d4a5077504f35512b704830314c71444270466371526f4e415646693036433832697143447461556c6f5955576b424934577049786e7933444f6763756f667a77366c6f32463563434c374158352f624c524e70556441396c6657794267595162626b324e3744362b4b6f754e544b725974337971637732584334347552454a34395a696e33646d65464c5437705433424238694e45763051766c632b4b302f47554851386f6a4373666c6f624b68747867636a6b39736e746e50654356754c527175342f45646157576f307078635a51575550787946454a576859355372474166493969434e6146757275717970365a64754e514b796e78413457336b6f6a76725550645576642b5770592f78704b43654d7034474655314464526147793932516233774434712b753053536c393954447449585a46736b58794d622b4939466664647354707a616332624b5a70613147736e3174446538674d4f6f554731416a4f344a5042326b6b704b6a7a3561786a556d6b644e4b68627431576834314c564c7143494c384979464c53566e63554f4a4a5556494f55484b54354b7878353035646c31396272736e775a4e4e7353734b384e705461323152323170436c655956764b63416b6b484f63386e346173727037303736705850566d72383673796f38434662735a365854614f79734b5368784c5a56346a695548614f514d386b6e476968624d4f6e716c424147313733504750796c2b6b686e696d366a47514275534c59353374354c6d5a4f72796f565a457047534638484866546d71376b756c74314c75464a396b673863482f3770396136624d5333783472436e4846444f35666647664c556d6f3353694777366c52596253464b494b694f77534d6b36626e5374626b6c4359595a4467425674477246557130674d77497a727131453441486b443335314a34466d317970526c475849444b564b32464947372f414b645465337256624c623179496a68445341714f77324267726153766c522b70412b772b65704a513438574a55366a52796b62476d497a695433354a637a393836716655327630384b316c4a316b64664b68396e3053703056326e325a5133684b6b7a5a79704c496c446168736c49533453527945464937636e4f6938744330365a62644d4445466b65493866456664783754697a3350794877483964446b394d2f41627a6f46635579505632334673726337594b686a48327a6e52463057346d6e597142346963676479644b33744e5531487534326e7545582b702f7866515059324b495279416e76412b5174783966776e4b6252335a7a69324e785732356a4a7a6770486e6a792f667931474f6b58543271394e57726b697a35634f574b7a55317a5751794641744950634b4b686b6e3663616e647350743157706943745143566a4f2f50625733646b654c624d6c70314561564e446969436c6e47552f4d6b6b6179615a5856314b7a716763472b412f4b493672703144576e7336707064624e67542b46434a58534b5657716849716b4773474d314a634469477644436c494f4146633547636b45397650556a6f3352416d4771544c7574445a5a4979342f484355593535556f454164746144747939527168465970466f3065505451747a48726279664764526e6a3251527348783542314b72613650546155684639645737726c56474c43534a4c346e50626d32774f634a514d4a536667414f53527149706f336e71646b2f76775654616f30735968614f686a5259582b412b4639384a4732366131536d5733704c6741553668687449377575724f4549546e6a4a506d655050576657472b366e61777174685579556d552f497038654c56473256447734627058346a6a59566a63705252735353534d416e48665558764c3067354e77784b6e4168306d6d557469664d596b527730776c626a515a322b463758594b396e635467386b2b57716f596d7a4556575539564b717154554b2f4a57367155397948336c46536a6b6e737452424765427878334775506a625374496134462f343539456e36373752436f69374b6e3533324f4c442f41483846662f2f5a," data:image/jpeg;base64,/9j/4AAQSkZJRgABAQAAAQABAAD/4gHYSUNDX1BST0ZJTEUAAQEAAAHIAAAAAAQwAABtbnRyUkdCIFhZWiAH4AABAAEAAAAAAABhY3NwAAAAAAAAAAAAAAAAAAAAAAAAAAAAAAAAAAAAAQAA9tYAAQAAAADTLQAAAAAAAAAAAAAAAAAAAAAAAAAAAAAAAAAAAAAAAAAAAAAAAAAAAAAAAAAAAAAAAAAAAAlkZXNjAAAA8AAAACRyWFlaAAABFAAAABRnWFlaAAABKAAAABRiWFlaAAABPAAAABR3dHB0AAABUAAAABRyVFJDAAABZAAAAChnVFJDAAABZAAAAChiVFJDAAABZAAAAChjcHJ0AAABjAAAADxtbHVjAAAAAAAAAAEAAAAMZW5VUwAAAAgAAAAcAHMAUgBHAEJYWVogAAAAAAAAb6IAADj1AAADkFhZWiAAAAAAAABimQAAt4UAABjaWFlaIAAAAAAAACSgAAAPhAAAts9YWVogAAAAAAAA9tYAAQAAAADTLXBhcmEAAAAAAAQAAAACZmYAAPKnAAANWQAAE9AAAApbAAAAAAAAAABtbHVjAAAAAAAAAAEAAAAMZW5VUwAAACAAAAAcAEcAbwBvAGcAbABlACAASQBuAGMALgAgADIAMAAxADb/2wBDAAMCAgICAgMCAgIDAwMDBAYEBAQEBAgGBgUGCQgKCgkICQkKDA8MCgsOCwkJDRENDg8QEBEQCgwSExIQEw8QEBD/2wBDAQMDAwQDBAgEBAgQCwkLEBAQEBAQEBAQEBAQEBAQEBAQEBAQEBAQEBAQEBAQEBAQEBAQEBAQEBAQEBAQEBAQEBD/wAARCACAAGADASIAAhEBAxEB/8QAHQAAAQQDAQEAAAAAAAAAAAAACAMFBgcCBAkAAf/EADoQAAEDAwMCAggFAQgDAAAAAAECAwQFBhEAEiEHMRNBCBQiMlFhcYEVI0KRocEJQ1JigrHR8DOi4f/EABsBAAIDAQEBAAAAAAAAAAAAAAUGAgMEAQAH/8QAMBEAAQMDAwEFCAMBAQAAAAAAAQACAwQRIQUxQRITIoGRoQYjUWFxscHwFDLh0UL/2gAMAwEAAhEDEQA/AJR/aKVabTrfpFvR1Npal1h+YvPvZQwgDHyytWftoWLD6HVK54LNYrUlcdmQAtpCE4UUnsSTovv7Qe2FVyJaNUbjlYVOKFKA7Jdazg/dGozS4zcGhU5gNhPhx0I2jywNJuoahJQxCOE5JKfNE0yLUJC+cXAA8/0Kso/o30FcYBia+lwjG9RyR8eNO1K9FGkTXVIm1yQhGwJQQgHHy1bFIUlQRuQk+1jUvglsuISAhIz8dUw6nVdP9kWqNDoif6WQ3XF6HVw0+L67atZbmeGdwbUkpUcdte9GN65LS9Im3qBW5LkCeueWJjThIUpKsqUk8fqA++dGrS40UxEkOJ3EZwND/wBZ7ZFI69WJfVPjslfr0Jl/ekFKlB9IBPzwr+NGKDUJZyYpeQlXVdMipm9rDwco7TnzOvZHx1k8na4tP+FRH86TPBxjWtBivfMawWedZ6wUMnUlW4rHSiBrEJ0q2OdTAUd1QHpHQ6NK6eUypVt9hpiA+08VvLCU5acyRk/5ArQlXh1doVOf20V6HUGUH2ixJQSB8EjP++i/68WZCvrpDIizhuFHnoqASfdWhI9tCh5pUguD7jQhL6fmj0CnxKCyhCIzJZUUM7gtxC1BRVgglRGFZ+Y0rVcUL5RJLnbHHwv5j1T5pMszKcx05zc3xkWNwB9QfQpy6fdarZugIp7jTjEjeEhKk88/HGreRU0R2HJqFbm46ApWDyR8tDNUbNuLciZU6bFASs4lNNKjuto8lBechQPw40/2ZanUeqWXQ64q9rjMeq1BuJLQHWcNtL3+GsnbuSHClKQQeCsfEa1/x4CR0Gw+CubXVTGuErSSObW88/NEJbXWuivq/CmKHV5D6DyWoa1J58yocDHzxqcVK1qZfsy16olpQLFZhLUlxJSsAPJJBB7EY0NvTm2UIkSIFz2dUEvqcAbdbeU6Fc9y4pzP31bMax7tovUew09P7jqkVTkh2VUYDs512K42hbaUqKVk7eHXAcd9utTGxMeDHgj1QiobPMCySx6vC1+cjYcovHMlRUe5JOktKLIyfhnjOkyQDogEruOF9xrA99fd3z1iTzqYVayTpVvSI76WQfPGpBdCre44yptg3XBQnctdJfcQPipLah/UaC6lVSBXKDAnRZ0uHKXGaDrjDmN+1IA3IVlCiMcEjPlnGjrpKEuvrjLSCiQy4yoHsQU9v41zYuuRH6YdRqxZKKiw7GiyXEsLbXu8NtZJCD8FoJKVDyKR8dLlTTmdjXN3H2/SnLSKxtJO9r9jbz2W7XJ/4zUV0W4+oT7NIAUl/LbCFLVx+WShOQDzk/DRJdNINq1Sy59PkVWKinSYvhJdQvYlIGAhSFeRSoAj5gaBCi2G9WZEjE5yYQ+tLiUuhLiznIUndwrPfnV/2B0Rok+lxRUbgulttCVBuCypSypSjgnbt2fA+989WmlZ2g7+3FkThqKmogc6OHB5uT4bFWjS5lft2+Baki7aVKjTUh2FOdppLjyce1lKXEp3pzyMD44GrttZhundRaC7Iqi6pPqAeaU6tpDKW2Go7qglDafdG5WTkqJJ5PAADy9OmtVtC97ekInuwo7Msy2d8kuvsMtkFRcONu5QzlKeOcZOp8PSWptn9Q4FecpgqyocSSG4Yf8ADUla08+1ggKKQQARjnWyCmc6VojyPJA9RrbQObKLOGN7o6VKzydJKUTqieg3pKT+tt4VilrtVukUpNNTU6Qoulb7jSXg04HT7pOVJI2gAdue+rx3HRB0bozZwylfqDhcJQH569u0mCdeHfXLqF0sFaVSda45Ol0DjU9l29kMnpB9fR0upZotpTWzdklILakgL/D2z/erByN57JSfqRwM8276qU+dcTdRqsyQtcx386U8StalFRK1f+27Hng+er0iU166afIrVWQtmWqStD4ccCilQ+f6uMarbrdbjdOtdyoRSpfq70V5Jx7qVLKT9uQPvorBophpC872uvHU2yVYZxeyarYqa7Xqj0G4w8hqU0PVpLCj4bnPCkq7Hg5/pq8eklxparLUqqdUp8SCHPYYDvtKTwAPpnv9dD509v2hRkN0u8aZ+KUVWFPNnG9nn3k/Pz4xon7V6GdBLhoaL3tKpVGrxGRlbKaioBteM7VpGFJPlg4/rpamaKdxdMDnkC4/xODGTFjW05BHzJB9N0w+kZ1YhVV+YLJeMyHSYIYkz+doWtWdoUe6jwB5k5PYaG316YyuBVmpTgdfjtylIKtxSreoZ55wSnPOrl6+yUyoEG16FS2adSogU6IsdG1AV2ClH9SjzknJ+eoRNskPUOMuQpiI/To7K6e6lKsVGM9tUpveBtDrK1KUQvG5CjtJKcEnpT2PbZgsPXxQyv0+ZzZJHZcLHb7fK37siB6D9Sah08rlAuemxWZLc+3ZMN1h4HYhCZLSyAUnPmk7vnyDjRqdPestrX84Kekml1Q42xJLgPi5H92scK+nB+Xw5zdM6g1R63ColVk+NDgxpgaeQ2fYCnWx7Y+G5G0nyz8Bq+ramvt1JhcSmqbEdaHY7yz7SXG1BQBx2yM/Q+fOj1TRsqe9s7H2SgyZ0OOEbiiUkg9xryTzprotXTX6TBrkcflVCOiSP9Yzj986c28kjS502NlvBuLpdsc62E9uNabstiIWw8VbnVbUhKSon7DW4y4h1IU2cg8astdcJuuW7E38Ihro0pwrQ+qQ4JCgQVLPun4glYPPy1p3yiE5bC48sokKntNR0IHIWVKBP7AK/YahlC6iwlFui3RHS06CEl4tlIfbGdqUKV7vJJ+vmdfHqtIU4wCyt2O2VKaG4BSAT+jk8YwORg402x17S3pd9ENdSnq6m/VQCH04pRqdVg1C52aK5Cp78qIp+M68Ki4lILcYBsHapfI3qwkFPPnp+sK+nen0FmLS7fSzW0VRuQqupmvJ3wktjxYLrA/LW2SrcFEbgc+ene/ENVegNVGmxR69BLrqlY4djH32lJ+XCv8ATxnOdQKNcFHlxhGdkIQpRzhaxnOCByTzgY76C1lMxry3/wAnZPmjVLayAOcbObv4f9Ri9QrCj1DxJjDKVRJKQ40sc4Chkc/DQ1XFeD1qV9Vj1RgTKY82WlKP/kjbgQhSfIhJO7HH10TlN6tWfVOn9Gpb1bQmrinxUOsKZWcOobAUN2NvkeQSOdBhcs43b1ElzGPbRIllCDjgNpOM/sCdLemRywTODgRZHKtxcAG4JwfmObq4egjP4rd9ViSSHluU5Kgl053ILgLnPw3KGfkdX7Yl02rAmIt1+euVse8Fl4o4KCfYQecqKe27zwNDN0Ir6aTd1Jmy2VOLRKkUWWgKxvQ8yrw+fL2kpx9NEJAs1q3qxSKq0w2r1iSShT6CptrzBVg844IGME9+2NNUta2ihNRILtHw3zshHsxR+zEjapuvF/aAWja2+Tm5uORYYcbWPPBgdFKi/OsCDDmJQiRTyphbaf0oKipAP2OPtqfNoye2qm6MuwmJK3PG2yKjHb8RAwEFQK9pSPLOxZOBj2uCQNW6SENKX8ASProG2oiqz20Ox9EodJYOk8JCI2H565KuQ2NiP+/v++t2GkBSkgcZ1hTWtrAOPeJJ0vCTkrP01eByo3XJGRatJuh2RvjtqZcJQ0k8kIHCcH6DP31TcGkVa2XlO06W6hTLziC2VFSCArGFJPHkdWZblcqxjh1ENxKFNJIOQBjHlzpqnp31GYgxwjx2g+pJPCVOKWo/ydEX2c243XWgtdYp5oM2HdNuv1SCx4dQgqAmw0E5Tx7wPmDyQfqD3OqUv22WIFQd9SQlDax6xGIHCm1clP8ApORj5allPq1Rsq42rhYyqMUlmY02D+Yyoc/Uj3h9Pnp06g0aNVKV+KUhwSG9vrTCkpxyR7aMDyUOR8x89TMnbR2O4WugkFLUZPddg/jyUGoN5uRLLW0w9tlw1qSEk8gE5H276ysx9tl31t0/mEBIx3CMgKP1/wCDqAyFFuS820rAewnjtyeP99SeRUI0KqE0xDqYaVeGyl4gr2A+zuI4Jx3xrFfN03iZziC7gWVk0yoxqFcEV5n2EeuQpSwDncpp72ifidq9HLd8ESrdxBSTKinxWdh5JAP9CT9tc1F3A7IebQtQ5CkgnyJH/IGihtj0hTJt2nwqbIflV6e23FK3AdraiADjv58k/Xy1o91PTvhmOCP3yShqbXsrxLCNzt6eqJnp1ea1BBhSBvaCyhW4J3ttMrwQCrJyo52E7T3BHfRRUup/idIZfSF73AkkKAB7AngE8a529OOptNqLsqPT5i3HUkU/3UZVncFKxxtChlSeSB27aIO4qvMr1k1apWzLUJ8dtx+mJbHhOKKS22StSTndlCvZAHGD5a+fUVY6gqOzeMHH/Crp6X3ticHnfKKxoBmOf8iP6aUg+02VAHlWP20A3SX0tup1Hq0mh3dLFVhxfZcbkq3KBKuAh33hwD33DRmdMOq1l9Sacl23amkymtyX4bpCXm1A88fqHzH8ab2yAkA4JWJ9O5rS5mQPhx9Rx9vmuPNn3AFUiIh5QCgylJyfhxqTTVxHKrvRjYuG2kn5nkf1GqOpFZlpqkuC0jYhDm5tKlYwDzjUxVckkMNjZtkJaS3gkYISo4P841ua4DulWOb2gDwnarKYQVtubdvz032pcceFJXbc1YLD2/1cq/Tzkp+2MjTTUKo7MUS8622T3wc86jVbbbipRUI8xZdZUHEKHG1Q7a8D0m4UC24sVpX3RvwqpyJUdBDLT5OPIJ94fxpYxDJShxHPiLwPrydTER4l4UanVRKPEZqsVbbye+11o4WPqN38DUssnpzRK1ZiGo0uovXeirsxmoiY4ET1FCFB59xw8pXvCUgeQyecjUJC1gLnYCcKAGqia8C5djx2KpD1eQltxSUEllec/Q6sLoo5XTd9JnUKGuS0lbomFKdyW4xBDiif08EDPfy57avC3PRztSgl2Zcc5dXW5lamCgNMJPwPO5Q+pH01LqDBpFcqRoNAVFi06C82iqCDtaUloYUWkBI4WpIxny3DOgcuofzw6lo2F5cCL7AX5/bLRNpUdA9lfWyBgYQbbk2N7D6+KouNTKrYt3yqcw2XC44uREJ49Zin3dmeFLT7pT3BB8iNEv0Qvlc+K0/GUHQ8ojCsflobKhtxgcjk9sntnPeCVuLRqu4/EdaWWo0pxcZQWUPxyFEJWhY5SrGAfI9iCNaFuruqyp6ZduNQKynxA4W3kojvrUPdUvd+WpY/xpKCeMp4GFU1DdRaGy92Qb3wD4q+u0SSl99TDtIXZFskXyMb+I9FfddsTpzac2bKZpa1Gsn1tDe8gMOoUG1AjO4JPB2kkpKjz5axjUmkdNKhbt1Wh41LVLqCIL8IyFLSVncUOJJUVIOUHKT5Kxx505dl19brsnwZNNsSsK8NpTa21R21pCleYVvKcAkkHOc8n4asrp7076pXPVmr86syo8CFbsZ6XTaOysKShxLZV4jiUHaOQM8knGihbMOnqlBAG173PGPyl+khnim6jGQBuSLY53t5LmZOryoVZEpGSF8HHfTmq7kult1LuFJ9kg8cH/7p9a6bMS3x4rCnHFDO5ffGfLUmo3SiGw6lRYbSFKIKiOwSMk6bnStbklCYYZDgBVtGrFUq0gMwIzrq1E4AHkD351J4Fm1ypRlGXIDKVK2FIG7/AKdTe3rVbLb1yIjhDSAqOw2BgraSvlR+pA+w+epJQ48WJU6jRykbGmIziT35Jcz986qfU2v08K1lJ1kdfKh9n0Sp0V2n2ZQ3hKkzZypLIlDahslIS4SRyEFI7cnOi8tC06ZbdMDEFkeI8fEfdx7Tiz3PyHwH9dDk9M/AbzoFcUyPV23Fsrc7YKhjH2znRF0W4mnYqB4icgdydK3tNU1Hu42nuEX+p/xfQPY2KIRyAnvA+Qtx9fwnKbR3Zzi2NxW25jJzgpHnjy/fy1GOkXT2q9NWrkiz5cOWKzU1zWQyFAtIPcKKhkn6candsPt1WpiCtQCVjO/PbW3dkeLbMlp1EaVNDiiClnGU/MkkayaZXV1KzqgcG+A/KI6rp1DWns6ppdbNgT+FCJXSKVWqhIqkGsGM1JcDiGvDClIOAFc5GckE9vPUjo3RAmGqTLutDZZIy4/HCUY55UoEAdtaDty9RqhFYpFo0ePTQtzHrbyfGdRnj2QRsHx5B1Kra6PTaUhF9dW7rlVGLCSJL4nPbm2wOcJQMJSfgAOSRqIpo3nqdk/vwVTao0sYhaOhjRYX+A+F98JG26a1SmW3pLgAU6hhtI7uurOEITnjJPmePPWfWG+6nawqthUyUmU/Ip8eLVG2VDw4bpX4jjYVjcpRRsSSSMAnHfUXvL0g5NwxKnAh0mmUtifMYkRw0wlbjQZ2+F7XYK9ncTg8k+WqoYmzEVWU9VKqqTUK/JW6qU9yH3lFSjknstRBGeBxx3GuPjbStIa4F/459En677RCoi7Kn532OLD/AH8Ff//Z"
2024-01-28 01:41:31 +08:00,827668,56e7dc20fe26a40685c841266ea4a8533eaac638d9dfe6b90db2a570853b5636:515,63617368754165794a306232746c626949365733736962576c7564434936496d68306448427a4f6938764f444d7a4d79357a6347466a5a546f7a4d7a4d344969776963484a7662325a7a496a706265794a705a434936496a41774e7a55355a544e6d4f4749774e6d497a4e6d59694c434a6862573931626e51694f6a4573496e4e6c59334a6c64434936496c4930624652555a556c3151565247547a5a6f57486c3553303152646b4e7564457045526d6378564339354d455636576d6c7053304e6c565467394969776951794936496a41794d4749795a6a55314d54417a4f57526d4f4751784e6d49774e5442694d5755304d4755315a47466c5a47466c5a6a6331593249315a6a67345a4467784e5745784d7a417a4e6a52694e446c694e5449335a6a526a4d694a394c487369615751694f6949774d4463314f57557a5a6a68694d445a694d7a5a6d496977695957317664573530496a6f304c434a7a5a574e795a5851694f694a61533341324e6d30724d6a564d534664784e57356a6331564253466c485a456331526b4e4e526b5931516d45314f464631624373784e58646a50534973496b4d694f6949774d7a67334f574a695a54686c4e574a6a593255334e44566a4f4751344e6a4d34597a67795a6a497a5a6a41344e6a646a4d7a41355a5463345a6a49344e7a4d314e44637a4e44457a596a426c4f4455334d6a6b35596a416966537837496d6c6b496a6f694d4441334e546c6c4d325934596a4132596a4d325a694973496d467462335675644349364e6a5173496e4e6c59334a6c64434936496e497653334d77536d3144565446774f5735774f444668646d706152316c55623059725a6b5a33523356785a43746b5158644e4d56465a53456b394969776951794936496a41795a5455325a6d51315a5463774e6a497a59546b324d7a41344d5755305a6a4e6d4d4449315a6d4a6c5a6a49334d324d355a445a6c4d4749344f54426b4e4749324e4467304d7a5977597a51344f474d30596a49344f434a39585831644c434a745a573176496a6f695532567564434232615745675a55353164484d75496e30,cashuAeyJ0b2tlbiI6W3sibWludCI6Imh0dHBzOi8vODMzMy5zcGFjZTozMzM4IiwicHJvb2ZzIjpbeyJpZCI6IjAwNzU5ZTNmOGIwNmIzNmYiLCJhbW91bnQiOjEsInNlY3JldCI6IlI0bFRUZUl1QVRGTzZoWHl5S01RdkNudEpERmcxVC95MEV6WmlpS0NlVTg9IiwiQyI6IjAyMGIyZjU1MTAzOWRmOGQxNmIwNTBiMWU0MGU1ZGFlZGFlZjc1Y2I1Zjg4ZDgxNWExMzAzNjRiNDliNTI3ZjRjMiJ9LHsiaWQiOiIwMDc1OWUzZjhiMDZiMzZmIiwiYW1vdW50Ijo0LCJzZWNyZXQiOiJaS3A2Nm0rMjVMSFdxNW5jc1VBSFlHZEc1RkNNRkY1QmE1OFF1bCsxNXdjPSIsIkMiOiIwMzg3OWJiZThlNWJjY2U3NDVjOGQ4NjM4YzgyZjIzZjA4NjdjMzA5ZTc4ZjI4NzM1NDczNDEzYjBlODU3Mjk5YjAifSx7ImlkIjoiMDA3NTllM2Y4YjA2YjM2ZiIsImFtb3VudCI6NjQsInNlY3JldCI6InIvS3MwSm1DVTFwOW5wODFhdmpaR1lUb0YrZkZ3R3VxZCtkQXdNMVFZSEk9IiwiQyI6IjAyZTU2ZmQ1ZTcwNjIzYTk2MzA4MWU0ZjNmMDI1ZmJlZjI3M2M5ZDZlMGI4OTBkNGI2NDg0MzYwYzQ4OGM0YjI4OCJ9XX1dLCJtZW1vIjoiU2VudCB2aWEgZU51dHMuIn0
2024-01-28 01:41:31 +08:00,827668,c5e22715b45805a902406a720fb352bf27a08ce346c631ca435839fdeeee0e60:532,4675636b207468652066696c74657273204675636b207468652066696c74657273204675636b207468652066696c74657273204675636b207468652066696c74657273204675636b207468652066696c74657273204675636b207468652066696c74657273204675636b207468652066696c74657273204675636b207468652066696c74657273204675636b207468652066696c74657273204675636b207468652066696c74657273204675636b207468652066696c74657273204675636b207468652066696c74657273204675636b207468652066696c74657273,Fuck the filters Fuck the filters Fuck the filters Fuck the filters Fuck the filters Fuck the filters Fuck the filters Fuck the filters Fuck the filters Fuck the filters Fuck the filters Fuck the filters Fuck the filters
2024-01-31 17:01:12 +08:00,828224,dc4b319a83ed3a3754bcd70f9063defd7a7792bfd1a76195ff43ea9987848a7e:2051,7be2809c70e2809d3a20e2809c4d4c432d3230e2809d2c20e2809c6f70e2809d3a20e2809c6973737565e2809d2c20e2809c7469636be2809d3a20e2809c4d4f554c41e2809d2c20e2809c616d6e74e2809d3a20e2809c323130303030303030e2809d2c20e2809c63686ee2809d3a20e2809c6c7164e2809d2c20e2809c6964e2809d3a20e2809c39353065623937643763386432646164323063643837396531336163306234613835636332373539633931363934356235353837623363646532353439623064e2809d7d,"{p: MLC-20, op: issue, tick: MOULA, amnt: 210000000, chn: lqd, id: 950eb97d7c8d2dad20cd879e13ac0b4a85cc2759c916945b5587b3cde2549b0d}"
2024-01-31 21:17:13 +08:00,828245,708166eb952838bbe90a7eb57afaddffc80af202f037d319ce0f2b69033396c5:1852,2e2e2e2e2e2e2e2e2e2e2e2e2e2e2e2e2e2e2e2e2e2e2e2e2e2e2e2e2e2e2e2e2e2e2e2e2e2e2e2e2e2e2e2e2e2e2e2e2e2e2e2e2e2e2e2e2e2e2e2e2e2e2e2e2e2e2e2e2e2e2e2e2e2e2e2e2e2e2e2e2e2e2e2e2e2e2e2e2e2e2e2e2e2e2e2e2e2e2e2e2e2e2e2e2e2e2e2e2e2e2e2e2e2e2e2e2e2e2e2e2e2e2e2e2e2e2e2e2e2e2e2e2e2e2e2e2e2e2e2e2e2e2e2e2e2e2e2e2e2e2e2e2e2e2e2e2e2e2e2e2e2e2e2e2e2e2e2e2e2e2e2e2e2e2e2e2e2e2e2e2e2e2e2e2e2e2e2e2e2e2e2e2e2e2e2e2e2e2e2e2e2e2e2e2e2e2e2e2e2e2e2e2e2e2e2e2e2e2e2e2e2e2e2e2e2e2e2e2e2e2e2e2e2e2e2e2e2e2e2e2e2e2e2e2e2e2e2e2e2e2e2e2e2e2e2e2e2e2e2e2e2e2e2e2e2e2e2e2e2e2e2e2e2e2e2e2e2e2e2e2e2e2e2e2e2e2e2e2e2e2e2e2e2e2e2e2e2e2e2e2e2e2e2e2e2e2e2e2e2e2e2e2e2e2e2e2e2e2e2e2e2e2e2e2e2e2e2e2e2e2e2e2e2e2e2e2e2e2e2e2e2e2e2e2e2e2e2e2e2e2e2e2e2e2e2e2e2e2e2e2e2e2e2e2e2e2e2e2e2e2e2e2e2e2e2e2e2e2e2e2e2e2e2e2e2e2e2e2e2e2e2e2e2e2e2e2e2e2e2e,................................................................................................................................................................................................................................................................................................................................................................................................................
2024-02-01 03:25:32 +08:00,828287,ddc5656e4303ae38a4e4ef6c9b5daa7cd3f5cc73b8aee04a52ea14fb54d9fd8a:1453,e298ba20e298ba20e298ba20e298ba20e298ba20e298ba20e298ba20e298ba20e298ba20e298ba20e298ba20e298ba20e298ba20e298ba20e298ba20e298ba20e298ba20e298ba20e298ba20e298ba20e298ba20e298ba20e298ba20e298ba20e298ba20e298ba20e298ba20e298ba20e298ba20e298ba20e298ba20e298ba20e298ba20e298ba20e298ba20e298ba20e298ba20e298ba20e298ba20e298ba20e298ba20e298ba20e298ba20e298ba20e298ba20e298ba20e298ba20e298ba20e298ba20e298ba20e298ba20e298ba20e298ba20e298ba20e298ba20e298ba20e298ba20e298ba20e298ba20e298ba20e298ba20e298ba20e298ba20e298ba20e298ba20e298ba20e298ba20e298ba20e298ba20e298ba20e298ba20e298ba20e298ba20e298ba20e298ba20e298ba20e298ba20e298ba20e298ba20e298ba20e298ba20e298ba20e298ba20e298ba20e298ba20e298ba20e298ba20e298ba20e298ba20e298ba20e298ba20e298ba20e298ba20e298ba20e298ba20e298ba20e298ba20e298ba20e298ba20e298ba20,                                                                                                    
2024-02-01 03:25:32 +08:00,828287,eafd3e6c41e2dcc9556aa9041275b44d788df2e25ed89bde99270017f3c8d7ff:2383,2e2e2e2e2e2e2e2e2e2e2e2e2e2e2e2e2e2e2e2e2e2e2e2e2e2e2e2e2e2e2e2e2e2e2e2e2e2e2e2e2e2e2e2e2e2e2e2e2e2e2e2e2e2e2e2e2e2e2e2e2e2e2e2e2e2e2e2e2e2e2e2e2e2e2e2e2e2e2e2e2e2e2e2e2e2e2e2e2e2e2e2e2e2e2e2e2e2e2e2e2e2e2e2e2e2e2e2e2e2e2e2e2e2e2e2e2e2e2e2e2e2e2e2e2e2e2e2e2e2e2e2e2e2e2e2e2e2e2e2e2e2e2e2e2e2e2e2e2e2e2e2e2e2e2e2e2e2e2e2e2e2e2e2e2e2e2e2e2e2e2e2e2e2e2e2e2e2e2e2e2e2e2e2e2e2e2e2e2e2e2e2e2e2e2e2e2e2e2e2e2e2e2e2e2e2e2e2e2e2e2e2e2e2e2e2e2e2e2e2e2e2e2e2e2e2e2e2e2e2e2e2e2e2e2e2e2e2e2e2e2e2e2e2e2e2e2e2e2e2e2e2e2e2e2e2e2e2e2e2e2e2e2e2e2e2e2e2e2e2e2e2e2e2e2e2e2e2e2e2e2e2e2e2e2e2e2e2e2e2e2e2e2e2e2e2e2e2e2e2e2e2e2e2e2e2e2e2e2e2e2e2e2e2e2e2e2e2e2e2e2e2e2e2e2e2e2e2e2e2e2e2e2e2e2e2e2e2e2e2e2e2e2e2e2e2e2e2e2e2e2e2e2e2e2e2e2e2e2e2e2e2e2e2e2e2e2e2e2e2e2e2e2e2e2e2e2e2e2e2e2e2e2e2e2e2e2e2e2e2e2e2e2e2e2e2e2e2e2e2e,................................................................................................................................................................................................................................................................................................................................................................................................................
2024-02-09 17:29:28 +08:00,829644,6e243ff72019273aaca322c143749a277b7967b485fa822f51fc393b8cc271ce:2168,54697a69616e6f205472696469636f20652046696c6970706f20416e67656c6f6e6920736f6e6f2064656920747275666661746f72692063686520736920736f6e6f206172726963636869746920666f6e64616e646f20652070726f6d756f76656e646f206c612063726970746f76616c757461204d6574616c537761702028584d542920612064697363617069746f20646920706f766572612067656e7465206368652c20666964616e646f73692c20676c69206861206372656475746f206520706572736f20747574746920692070726f707269207269737061726d692e,"Tiziano Tridico e Filippo Angeloni sono dei truffatori che si sono arricchiti fondando e promuovendo la criptovaluta MetalSwap (XMT) a discapito di povera gente che, fidandosi, gli ha creduto e perso tutti i propri risparmi."
2024-02-19 19:26:53 +08:00,831117,fc8c940199b5c1e85b8db3e2837b610cc0d491a45a86cc627f0d33ab236e4759:307,e298ba20e298ba20e298ba20e298ba20e298ba20e298ba20e298ba20e298ba20e298ba20e298ba20e298ba20e298ba20e298ba20e298ba20e298ba20e298ba20e298ba20e298ba20e298ba20e298ba20e298ba20e298ba20e298ba20e298ba20e298ba20e298ba20e298ba20e298ba20e298ba20e298ba20e298ba20e298ba20e298ba20e298ba20e298ba20e298ba20e298ba20e298ba20e298ba20e298ba20e298ba20e298ba20e298ba20e298ba20e298ba20e298ba20e298ba20e298ba20e298ba20e298ba20e298ba20e298ba20e298ba20e298ba20e298ba20e298ba20e298ba20e298ba20e298ba20e298ba20e298ba20e298ba20e298ba20e298ba20e298ba20e298ba20e298ba20e298ba20e298ba20e298ba20e298ba20e298ba20e298ba20e298ba20e298ba20e298ba20e298ba20e298ba20e298ba20e298ba20e298ba20e298ba20e298ba20e298ba20e298ba20e298ba20e298ba20e298ba20e298ba20e298ba20e298ba20e298ba20e298ba20e298ba20e298ba20e298ba20e298ba20e298ba20e298ba20e298ba20,                                                                                                    
2024-02-22 04:03:40 +08:00,831443,ead20700b4643e11becc526aa0d275b594e3a625011a2ae8f7e3090a80f2438c:2278,e298ba20e298ba20e298ba20e298ba20e298ba20e298ba20e298ba20e298ba20e298ba20e298ba20e298ba20e298ba20e298ba20e298ba20e298ba20e298ba20e298ba20e298ba20e298ba20e298ba20e298ba20e298ba20e298ba20e298ba20e298ba20e298ba20e298ba20e298ba20e298ba20e298ba20e298ba20e298ba20e298ba20e298ba20e298ba20e298ba20e298ba20e298ba20e298ba20e298ba20e298ba20e298ba20e298ba20e298ba20e298ba20e298ba20e298ba20e298ba20e298ba20e298ba20e298ba20e298ba20e298ba20e298ba20e298ba20e298ba20e298ba20e298ba20e298ba20e298ba20e298ba20e298ba20e298ba20e298ba20e298ba20e298ba20e298ba20e298ba20e298ba20e298ba20e298ba20e298ba20e298ba20e298ba20e298ba20e298ba20e298ba20e298ba20e298ba20e298ba20e298ba20e298ba20e298ba20e298ba20e298ba20e298ba20e298ba20e298ba20e298ba20e298ba20e298ba20e298ba20e298ba20e298ba20e298ba20e298ba20e298ba20e298ba20e298ba20e298ba20,                                                                                                    
2024-03-07 17:16:34 +08:00,833553,e32fa72dc1ca11593c6080e921a84555bd8355cb341a5ddbfa52e899379bf806:153,456c6f6e204d75736b2028782920284145292069732074686520646576696c20f09f98882c2077686f207365727665732074686520646576696c212c2068652077696c6c2066697273742064657374726f79204765726d616e7920776974682066616c73652061636375736174696f6e732c207468656e204575726f70652c20616c6c206561737465726e20636f756e747269657320616e64207468656e204e6f72746820416d657269636120616e64207468652077686f6c6520656172746820f09f8c8e2c2068652077696c6c20626520726573706f6e7369626c6520666f7220746865206e657874206269672062616e6721204465617468206f6620616c6c206c6966652e20546869732069732061207761726e696e672066726f6d2054686f722c205441472c2054686f727374656e20416e647227652047756e6961,"Elon Musk (x) (AE) is the devil , who serves the devil!, he will first destroy Germany with false accusations, then Europe, all eastern countries and then North America and the whole earth , he will be responsible for the next big bang! Death of all life. This is a warning from Thor, TAG, Thorsten Andr'e Gunia"
2024-03-13 11:27:23 +08:00,834445,a0aa667253439c93556c9694e58c1df38176103d1f374ed9a7acd9f66879b6dc:2918,e298ba20e298ba20e298ba20e298ba20e298ba20e298ba20e298ba20e298ba20e298ba20e298ba20e298ba20e298ba20e298ba20e298ba20e298ba20e298ba20e298ba20e298ba20e298ba20e298ba20e298ba20e298ba20e298ba20e298ba20e298ba20e298ba20e298ba20e298ba20e298ba20e298ba20e298ba20e298ba20e298ba20e298ba20e298ba20e298ba20e298ba20e298ba20e298ba20e298ba20e298ba20e298ba20e298ba20e298ba20e298ba20e298ba20e298ba20e298ba20e298ba20e298ba20e298ba20e298ba20e298ba20e298ba20e298ba20e298ba20e298ba20e298ba20e298ba20e298ba20e298ba20e298ba20e298ba20e298ba20e298ba20e298ba20e298ba20e298ba20e298ba20e298ba20e298ba20e298ba20e298ba20e298ba20e298ba20e298ba20e298ba20e298ba20e298ba20e298ba20e298ba20e298ba20e298ba20e298ba20e298ba20e298ba20e298ba20e298ba20e298ba20e298ba20e298ba20e298ba20e298ba20e298ba20e298ba20e298ba20e298ba20e298ba20e298ba20e298ba20,                                                                                                    
2024-03-20 16:20:46 +08:00,835506,6e7ff5f595cd89e319367541ebb9855134324e45ca5f0c11ff6af567b694f852:143,e298ba20e298ba20e298ba20e298ba20e298ba20e298ba20e298ba20e298ba20e298ba20e298ba20e298ba20e298ba20e298ba20e298ba20e298ba20e298ba20e298ba20e298ba20e298ba20e298ba20e298ba20e298ba20e298ba20e298ba20e298ba20e298ba20e298ba20e298ba20e298ba20e298ba20e298ba20e298ba20e298ba20e298ba20e298ba20e298ba20e298ba20e298ba20e298ba20e298ba20e298ba20e298ba20e298ba20e298ba20e298ba20e298ba20e298ba20e298ba20e298ba20e298ba20e298ba20e298ba20e298ba20e298ba20e298ba20e298ba20e298ba20e298ba20e298ba20e298ba20e298ba20e298ba20e298ba20e298ba20e298ba20e298ba20e298ba20e298ba20e298ba20e298ba20e298ba20e298ba20e298ba20e298ba20e298ba20e298ba20e298ba20e298ba20e298ba20e298ba20e298ba20e298ba20e298ba20e298ba20e298ba20e298ba20e298ba20e298ba20e298ba20e298ba20e298ba20e298ba20e298ba20e298ba20e298ba20e298ba20e298ba20e298ba20e298ba20e298ba20,                                                                                                    
2024-03-28 04:05:26 +08:00,836551,b4e4df6f8045788b54ce4c21824210e1cd6dce71466eab8fc8186e7e98ba5629:515,e298ba20e298ba20e298ba20e298ba20e298ba20e298ba20e298ba20e298ba20e298ba20e298ba20e298ba20e298ba20e298ba20e298ba20e298ba20e298ba20e298ba20e298ba20e298ba20e298ba20e298ba20e298ba20e298ba20e298ba20e298ba20e298ba20e298ba20e298ba20e298ba20e298ba20e298ba20e298ba20e298ba20e298ba20e298ba20e298ba20e298ba20e298ba20e298ba20e298ba20e298ba20e298ba20e298ba20e298ba20e298ba20e298ba20e298ba20e298ba20e298ba20e298ba20e298ba20e298ba20e298ba20e298ba20e298ba20e298ba20e298ba20e298ba20e298ba20e298ba20e298ba20e298ba20e298ba20e298ba20e298ba20e298ba20e298ba20e298ba20e298ba20e298ba20e298ba20e298ba20e298ba20e298ba20e298ba20e298ba20e298ba20e298ba20e298ba20e298ba20e298ba20e298ba20e298ba20e298ba20e298ba20e298ba20e298ba20e298ba20e298ba20e298ba20e298ba20e298ba20e298ba20e298ba20e298ba20e298ba20e298ba20e298ba20e298ba20e298ba20,                                                                                                    
2024-03-28 22:47:32 +08:00,836675,0b2e38ac5c22434aa5da28e21a2ceca6cd7981a658ebff3a05e52fda0c53f674:93,e298ba20e298ba20e298ba20e298ba20e298ba20e298ba20e298ba20e298ba20e298ba20e298ba20e298ba20e298ba20e298ba20e298ba20e298ba20e298ba20e298ba20e298ba20e298ba20e298ba20e298ba20e298ba20e298ba20e298ba20e298ba20e298ba20e298ba20e298ba20e298ba20e298ba20e298ba20e298ba20e298ba20e298ba20e298ba20e298ba20e298ba20e298ba20e298ba20e298ba20e298ba20e298ba20e298ba20e298ba20e298ba20e298ba20e298ba20e298ba20e298ba20e298ba20e298ba20e298ba20e298ba20e298ba20e298ba20e298ba20e298ba20e298ba20e298ba20e298ba20e298ba20e298ba20e298ba20e298ba20e298ba20e298ba20e298ba20e298ba20e298ba20e298ba20e298ba20e298ba20e298ba20e298ba20e298ba20e298ba20e298ba20e298ba20e298ba20e298ba20e298ba20e298ba20e298ba20e298ba20e298ba20e298ba20e298ba20e298ba20e298ba20e298ba20e298ba20e298ba20e298ba20e298ba20e298ba20e298ba20e298ba20e298ba20e298ba20e298ba20,                                                                                                    
2024-04-10 04:23:45 +08:00,838503,bc44f16f3fd0f75955e97e525c4d6eadc0276b9aed110ef23ccd7986852ed878:1965,e298ba20e298ba20e298ba20e298ba20e298ba20e298ba20e298ba20e298ba20e298ba20e298ba20e298ba20e298ba20e298ba20e298ba20e298ba20e298ba20e298ba20e298ba20e298ba20e298ba20e298ba20e298ba20e298ba20e298ba20e298ba20e298ba20e298ba20e298ba20e298ba20e298ba20e298ba20e298ba20e298ba20e298ba20e298ba20e298ba20e298ba20e298ba20e298ba20e298ba20e298ba20e298ba20e298ba20e298ba20e298ba20e298ba20e298ba20e298ba20e298ba20e298ba20e298ba20e298ba20e298ba20e298ba20e298ba20e298ba20e298ba20e298ba20e298ba20e298ba20e298ba20e298ba20e298ba20e298ba20e298ba20e298ba20e298ba20e298ba20e298ba20e298ba20e298ba20e298ba20e298ba20e298ba20e298ba20e298ba20e298ba20e298ba20e298ba20e298ba20e298ba20e298ba20e298ba20e298ba20e298ba20e298ba20e298ba20e298ba20e298ba20e298ba20e298ba20e298ba20e298ba20e298ba20e298ba20e298ba20e298ba20e298ba20e298ba20e298ba20,                                                                                                    
2024-04-14 19:19:58 +08:00,839177,66ccc997f9599711363dcba8c98fecbe2430f194aae1ab251b7c9685503726b3:2155,e298ba20e298ba20e298ba20e298ba20e298ba20e298ba20e298ba20e298ba20e298ba20e298ba20e298ba20e298ba20e298ba20e298ba20e298ba20e298ba20e298ba20e298ba20e298ba20e298ba20e298ba20e298ba20e298ba20e298ba20e298ba20e298ba20e298ba20e298ba20e298ba20e298ba20e298ba20e298ba20e298ba20e298ba20e298ba20e298ba20e298ba20e298ba20e298ba20e298ba20e298ba20e298ba20e298ba20e298ba20e298ba20e298ba20e298ba20e298ba20e298ba20e298ba20e298ba20e298ba20e298ba20e298ba20e298ba20e298ba20e298ba20e298ba20e298ba20e298ba20e298ba20e298ba20e298ba20e298ba20e298ba20e298ba20e298ba20e298ba20e298ba20e298ba20e298ba20e298ba20e298ba20e298ba20e298ba20e298ba20e298ba20e298ba20e298ba20e298ba20e298ba20e298ba20e298ba20e298ba20e298ba20e298ba20e298ba20e298ba20e298ba20e298ba20e298ba20e298ba20e298ba20e298ba20e298ba20e298ba20e298ba20e298ba20e298ba20e298ba20,                                                                                                    
2024-07-14 07:53:14 +08:00,852052,ee566a1c66ad43cfb20004222cad555236225cd852d19fa42fad6feef9265670:991,4e61682c20746869732069732061207465727269626c65206578616d706c652e20426974636f696e20436f72652077617320717569746520726967687420746f206e6f7420676f20646f776e207468652070617468206f66206d6f72652066696c746572732e204974277320686f70656c65737320746f2073746f702074686573652070726f746f636f6c73206173206c6f6e6720617320746865792772652077696c6c696e6720746f2070617920666565732e20556c74696d6174656c792066696c7465727320617265206120666f726d206f662063656e736f72736869702e20416e642063656e736f72736869702063616e206f6e6c7920776f726b20696620616c6c206d65616e73206f6620636f6d6d756e69636174696f6e206172652063656e736f7265642e2049742773207472697669616c20666f72207468652070656f706c6520746f206279706173732066696c746572732c2065672062792072756e6e696e67206120666f726b206c696b65206d79204c696272652052656c61793a2068747470733a2f2f6769746875622e636f6d2f7065746572746f64642f626974636f696e2f747265652f6c696272652d72656c61792d7632372e3120496620796f752077616e7420746f20736565204c696272652052656c617920696e20616374696f6e2c20747279206f75742068747470733a2f2f6f7072657475726e626f742e636f6d2f20776974682061203e3830206279746573206d6573736167652e2049742077696c6c20676574206d696e65642e20426974636f696e20436f7265206973206120626974206f6620612070726574656e64206d657269746f63726163792e20427574206e6f7420666f72207468697320726561736f6e2e,"Nah, this is a terrible example. Bitcoin Core was quite right to not go down the path of more filters. It's hopeless to stop these protocols as long as they're willing to pay fees. Ultimately filters are a form of censorship. And censorship can only work if all means of communication are censored. It's trivial for the people to bypass filters, eg by running a fork like my Libre Relay: https://github.com/petertodd/bitcoin/tree/libre-relay-v27.1 If you want to see Libre Relay in action, try out https://opreturnbot.com/ with a >80 bytes message. It will get mined. Bitcoin Core is a bit of a pretend meritocracy. But not for this reason."
2024-07-26 05:22:14 +08:00,853914,a4b8832f0c0b722a07bcae22b12721b59be8ad13608c207a17b6cd45baa8be65:936,303230303030303030303031303139643964636462373464366137613332316339376661653337386466333235643239396539306239386334633862383739356136306430323166626237336565303030303030303030303036303030303030303135306636303030303030303030303030323235313230313264313034316233376435396663393063393362306365313337353337326639386331333435373839626431343531356165633165326161313933613436363031343061343261616234353631383232626165353232396132306537383134316165316430653966346537613561613763336138666633336332626433636266313839616562396535623531623830626362646562663839633534313733373036376233316663623562653961626666623863326531373132643765303934353166366163303930643030,020000000001019d9dcdb74d6a7a321c97fae378df325d299e90b98c4c8b8795a60d021fbb73ee0000000000060000000150f600000000000022512012d1041b37d59fc90c93b0ce1375372f98c1345789bd14515aec1e2aa193a4660140a42aab4561822bae5229a20e78141ae1d0e9f4e7a5aa7c3a8ff33c2bd3cbf189aeb9e5b51b80bcbdebf89c541737067b31fcb5be9abffb8c2e1712d7e09451f6ac090d00
2024-08-02 07:23:02 +08:00,855010,32806ffe7040f2b57b4f0298f1e3a23d6a3296d25c75afdee5281729f15e8319:3102,372079656172732061676f20746f6461792c207468652023426974636f696e20636f6d6d756e69747920616374697661746564205365677769742c206465737069746520426974636f696e20436f7265207265667573696e6720746f20616c6c6f7720616e796f6e65206f74686572207468616e206d696e65727320746f206465636964652e2020546f6461792c207765206861766520612073696d696c617220736974756174696f6e2077697468207570646174696e67207370616d2066696c746572732e20416e64207361646c792c2074686520636f6d6d756e69747920686173206265656e206c617267656c7920746f6f20636f6d706c6163656e74202d206f7220627261696e776173686564202d20746f206163742e2020426974636f696e2069736e27742061626f757420626c696e646c79207472757374696e6720612063656e7472616c69736564206d61696e7461696e6572207465616d202d20776520616c7265616479206861642074686174207769746820666961742e20446563656e7472616c69736174696f6e206e656564732061637469766973742075736572732c2077686f206d616b65207468656972206f776e206465636973696f6e732e,"7 years ago today, the #Bitcoin community activated Segwit, despite Bitcoin Core refusing to allow anyone other than miners to decide.  Today, we have a similar situation with updating spam filters. And sadly, the community has been largely too complacent - or brainwashed - to act.  Bitcoin isn't about blindly trusting a centralised maintainer team - we already had that with fiat. Decentralisation needs activist users, who make their own decisions."
2024-08-03 19:49:11 +08:00,855210,105628e09b35a20dbfdd2baacf7476b2b0ba9d157865a9006e94c8bc85bf24b8:2459,02000000000101efbfbd081eefbfbdefbfbdefbfbd40efbfbdefbfbd381c18efbfbdc59555c484efbfbd7f50176defbfbd3b15efbfbd1cefbfbdefbfbd0c00000000001c00400001efbfbd000000000000160014efbfbdefbfbd6618efbfbd5fefbfbd7befbfbd773e182cefbfbdefbfbd6cefbfbdefbfbd3aefbfbd0247304402200411efbfbd16efbfbdefbfbdefbfbdefbfbd283542efbfbdefbfbd5cefbfbd0f1d306e0eefbfbdefbfbd5703efbfbd785eefbfbd34efbfbd7f1a02204c78efbfbd1c323d34efbfbd6b1eefbfbd0eefbfbdefbfbdefbfbd3a72efbfbd2522efbfbd22efbfbd68efbfbd1fefbfbd7fefbfbdefbfbd6b2e012103efbfbdefbfbd02efbfbddf9befbfbd77d8a8efbfbd14efbfbdefbfbdefbfbd673f79452d1d5befbfbdefbfbdcc954e5eefbfbd353f2600000000,"    @8UPm;      @        f_{w>,l:G0D (5B\0nWx^4 Lx2=4k:r%""""hk.!wg?yE-[N^5?&    "
2024-08-03 21:24:17 +08:00,855216,468dc021a128d307c84a6fb9665c51298b610bd9fb95ca4cedf328688f241f19:1709,02000000000101efbfbd081eefbfbdefbfbdefbfbd40efbfbdefbfbd381c18efbfbdc59555c484efbfbd7f50176defbfbd3b15efbfbd1cefbfbdefbfbd0c00000000001c00400001efbfbd000000000000160014efbfbdefbfbd6618efbfbd5fefbfbd7befbfbd773e182cefbfbdefbfbd6cefbfbdefbfbd3aefbfbd0247304402200411efbfbd16efbfbdefbfbdefbfbdefbfbd283542efbfbdefbfbd5cefbfbd0f1d306e0eefbfbdefbfbd5703efbfbd785eefbfbd34efbfbd7f1a02204c78efbfbd1c323d34efbfbd6b1eefbfbd0eefbfbdefbfbdefbfbd3a72efbfbd2522efbfbd22efbfbd68efbfbd1fefbfbd7fefbfbdefbfbd6b2e012103efbfbdefbfbd02efbfbddf9befbfbd77d8a8efbfbd14efbfbdefbfbdefbfbd673f79452d1d5befbfbdefbfbdcc954e5eefbfbd353f2600000000,"    @8UPm;      @        f_{w>,l:G0D (5B\0nWx^4 Lx2=4k:r%""""hk.!wg?yE-[N^5?&    "
2024-08-04 00:03:01 +08:00,855229,bdfcfbbaf066020300fb8cd5371cc1d159247f2b187ea78ba78bdce87b01894b:271,303130303030303030313030303030303030303030303030303030303030303030303030303030303030303030303030303030303030303030303030303030303030303030303030303066666666666666663464303466666666303031643031303434353534363836353230353436393664363537333230333033333266346136313665326633323330333033393230343336383631366536333635366336633666373232303666366532303632373236393665366232303666363632303733363536333666366536343230363236313639366336663735373432303636366637323230363236313665366237336666666666666666303130306632303532613031303030303030343334313034363738616664623066653535343832373139363766316136373133306237313035636436613832386530333930396136373936326530656131663631646562363439663662633366346365663338633466333535303465353165633131326465356333383464663762613062386435373861346337303262366266313164356661633030303030303030,01000000010000000000000000000000000000000000000000000000000000000000000000ffffffff4d04ffff001d0104455468652054696d65732030332f4a616e2f32303039204368616e63656c6c6f72206f6e206272696e6b206f66207365636f6e64206261696c6f757420666f722062616e6b73ffffffff0100f2052a01000000434104678afdb0fe5548271967f1a67130b7105cd6a828e03909a67962e0ea1f61deb649f6bc3f4cef38c4f35504e51ec112de5c384df7ba0b8d578a4c702b6bf11d5fac00000000
2024-08-26 04:36:23 +08:00,858424,15ed320ff85e0395dcd5da8c6b84baa17c1d08d9eac4e7d2ed837e4a6526f42f:1631,2d2d2d2d2d424547494e20504750204d4553534147452d2d2d2d2d20206a41304543514d493364724865656951614d442f3072594244415a48485934384b426f6c446b335159705a3965763277765074476c386f76536553514d5a2f57206d574c6c776a4278734761514731753177374b4a49436a364c585a66417a69334c61474d576f5049357a39524233704f6e656545422b376b4c594b3466503971205a3158724a4177544e4d5941726b664d4b673664714f7653416961705962427246702b48505655364f4a6a3868546e397541455874395968682f48496366735620706e684d564f50314f482b315933327a736a506e2b37304c4935386c7a4d733277797457332f69515178532b6835386751305232574d49594f74752b5a5058652078656c387a3841462b673d3d203d33416f6a202d2d2d2d2d454e4420504750204d4553534147452d2d2d2d2d,-----BEGIN PGP MESSAGE-----  jA0ECQMI3drHeeiQaMD/0rYBDAZHHY48KBolDk3QYpZ9ev2wvPtGl8ovSeSQMZ/W mWLlwjBxsGaQG1u1w7KJICj6LXZfAzi3LaGMWoPI5z9RB3pOneeEB+7kLYK4fP9q Z1XrJAwTNMYArkfMKg6dqOvSAiapYbBrFp+HPVU6OJj8hTn9uAEXt9Yhh/HIcfsV pnhMVOP1OH+1Y32zsjPn+70LI58lzMs2wytW3/iQQxS+h58gQ0R2WMIYOtu+ZPXe xel8z8AF+g== =3Aoj -----END PGP MESSAGE-----
2024-11-12 00:24:16 +08:00,869866,53dbd9fe225f18a90408b3ff927d8865521747d119946d326046d5bb57388b9e:2635,54686520e2809c70726f6f66e2809d204070657465726b746f64642070726f766964657320746861742066696c7465727320646f6ee280997420776f726b2062656361757365205b6c6f6f6b20617420616c6c207468697320737475666620666f756e64206f6e20426974636f696e2074686174e2809973206e6f6e2d7472616e73616374696f6e616c20646174615d20636f6d65732066726f6d206261642066616974683b2066726f6d20616e206163746f722077686f2069732061667261696420746f2070726f746563742066757475726520736176657273206279206d616b696e67206c6966652068617264657220666f7220746f646179e2809973207363616d6d657273,The proof @peterktodd provides that filters dont work because [look at all this stuff found on Bitcoin thats non-transactional data] comes from bad faith; from an actor who is afraid to protect future savers by making life harder for todays scammers
