Input (txid:index),ScriptSig ASM
4f1433d6433d3ce8a877519ba9ddc310dbee96dba939aca0dbef0176a3563436:1,OP_PUSHBYTES_7 04678afd04678a
3ee060fb1856f111859fb108d079635a2d225ef68d5ae5250ce70d39ac2a2dc4:0,OP_PUSHNUM_3 OP_PUSHNUM_4
0f24294a1d23efbb49c1765cf443fba7930702752aba6d765870082fe4f13cae:0,OP_PUSHBYTES_1 03 OP_PUSHBYTES_1 03
e5779b9e78f9650debc2893fd9636d827b26b4ddfa6a8172fe8708c924f5c39d:0,OP_PUSHBYTES_2 5357
51874c4b26a92dacb256f0e60303daabf60a63681111c4c1948f0bba25d8df96:0,OP_PUSHBYTES_1 00 OP_DROP
91c8b08f305d895d6bc8f43bbdd36dcbc7f1d998e3df5e8f13dd9cdeebf15cb5:0,OP_PUSHBYTES_1 51
7caed7650c392c24e44a093f30438fe6dc9ec1154b92bedc8a561130c9c50920:1,OP_PUSHBYTES_1 01
da47bd83967d81f3cf6520f4ff81b3b6c4797bfe7ac2b5969aedbf01a840cda6:0,OP_PUSHBYTES_1 2a
da47bd83967d81f3cf6520f4ff81b3b6c4797bfe7ac2b5969aedbf01a840cda6:2,OP_PUSHNUM_1 OP_IF OP_PUSHNUM_2 OP_ELSE OP_RETURN OP_ELSE OP_PUSHNUM_1 OP_ENDIF OP_SUB OP_1SUB
567a53d1ce19ce3d07711885168484439965501536d0d0294c5d46d46c10e53b:0,OP_PUSHNUM_1 OP_PUSHBYTES_1 81 OP_PUSHBYTES_8 6e879169907c9087
fd9b541d23f6e9bddb34ede15c7684eeec36231118796b691ae525f95578acf1:0,OP_PUSHNUM_1 OP_PUSHNUM_1 OP_PUSHNUM_1 OP_PUSHNUM_1 OP_PUSHNUM_1 OP_PUSHBYTES_2 ae91
b36faa202e889315b6071d91c374a2ad1e933ec9a4ce2e6690e7bf53bc5377b8:0,OP_PUSHNUM_1 OP_PUSHNUM_1 OP_PUSHNUM_1 OP_PUSHNUM_1 OP_PUSHNUM_1 OP_PUSHBYTES_2 ac91
8ea98508efd1f0aada5d734f743d1a2f4d23a7e8428a8be1e820391870eb9a69:0,OP_PUSHNUM_1 OP_0
f04a824c0b7d23626e79ca039f1d60c1d73beec2f686ba0d8d0432b020b63040:0,OP_0 OP_PUSHBYTES_1 91
dca2b033741d59a5c07e42adf04d36707aceae76596d883827fbd6e9ffa6d909:0,OP_PUSHBYTES_1 00 OP_PUSHBYTES_1 91
09bdfd8bd713658612594e2d6df5e7f80ba3898e3ae3c6b3aa8ef986204d1e1e:0,OP_PUSHBYTES_2 0000 OP_PUSHBYTES_1 91
f5f73fe6ce56d8c35f54704f14ef02bea564f258cdb0a365b8221da421cf4701:0,OP_PUSHBYTES_1 80 OP_PUSHBYTES_1 91
8dc62ea2318b03d55b25bccec5afc8d3f48b367a9fadd483b2d18dd24ba1abb8:0,OP_PUSHBYTES_3 000000 OP_PUSHBYTES_1 91
61d47409a240a4b67ce75ec4dffa30e1863485f8fe64a6334410347692f9e60e:0,OP_PUSHBYTES_3 000080 OP_PUSHBYTES_1 91
bde112c2c50b8a63940eba55f532fd548059252b025e984a62b745006341dbe8:0,OP_PUSHNUM_1 OP_PUSHNUM_1 OP_PUSHBYTES_2 ac91
bde112c2c50b8a63940eba55f532fd548059252b025e984a62b745006341dbe8:1,OP_0 OP_PUSHNUM_1 OP_PUSHNUM_1 OP_PUSHNUM_1 OP_PUSHNUM_1 OP_PUSHBYTES_2 ae91
38d1734b6863ddacbe3384d9471753ab2cf072bcccc061452f4b0c7f3f7dcf13:0,OP_PUSHBYTES_4 31333337
734b82d72c7bcd862aabc4cdc3d8f192a40291e29a9331012b82a19c71562b04:0,OP_PUSHBYTES_7 7361746f736869
7afdcb9067f6549a569116a79cb1256920a0c566ff36cf4dce88718d57402f4f:0,OP_PUSHNUM_5 OP_PUSHNUM_3
136becd0892fa38c5aca8104db8b90b3a0e6b40912b7d1462aed583c067054cd:0,OP_0 OP_0 OP_PUSHNUM_1 OP_0 OP_PUSHNUM_1 OP_PUSHBYTES_2 ae91
970b435253b69cde8207b3245d7723bb24861fd7ab3cfe361f45ae8de085ac52:0,OP_0 OP_0 OP_0 OP_PUSHBYTES_1 ae
d23989de3915347552c03f382fb57b57a5c1cace8ecbe8f0c8fd971ca059b610:0,OP_PUSHBYTES_15 342038203135203136203233203432
435fb30baf0d93712d021158636be1e1bc77c557e5b8e4c687741f8275687001:0,OP_PUSHNUM_4 OP_PUSHNUM_6 OP_PUSHNUM_3
2c1462024303955581e74ff750a019ed817f682191eb1ef7e3162d91a17cb633:0,OP_PUSHNUM_8 OP_PUSHNUM_6 OP_PUSHNUM_7 OP_PUSHNUM_5 OP_PUSHNUM_3 OP_0 OP_PUSHNUM_9
ec544dd30d371ab4104c64d3a03f07efbb598802db27c821773489be54200469:2,OP_PUSHBYTES_7 706f7574696e65
d47d48724f6d70bde01b7bbfc39b03c580400cf3f9880e7b1622a1bf603e3b25:0,OP_PUSHNUM_1 OP_PUSHBYTES_3 51526d
c3e384db67470346df163a2fa50024d674ef1b3e75aa97ec6534d806c82fee7e:3,OP_0 OP_PUSHBYTES_3 0000ae
b9a5fec58e889a5bb2fb8565374203ea3ffd28c7f64cb9cbca9720418e2d793e:0,OP_PUSHNUM_1 OP_PUSHBYTES_1 b0
08e1026eaf044127d7103415570afd564dfac3131d7a5e4b645f591cd349bb2c:1,OP_PUSHNUM_1 OP_PUSHBYTES_1 52
f73d6079ab318bbc2827a8535d6bd0d5c235a07cf5383cab5f989945875791b6:0,OP_PUSHBYTES_13 0c636f696e6f6d657472696373
7b28abed1440e0deb75affe6ba2230833424538ed65dfa3d9274719050374f6f:0,OP_PUSHBYTES_1 5f
7b28abed1440e0deb75affe6ba2230833424538ed65dfa3d9274719050374f6f:1,OP_PUSHBYTES_1 60
708e6efa39d626575b2f32e4fb32e5f390df1c0529d4cdab669530abb5e20994:0,OP_PUSHBYTES_1 5a
708e6efa39d626575b2f32e4fb32e5f390df1c0529d4cdab669530abb5e20994:1,OP_PUSHBYTES_1 5b
708e6efa39d626575b2f32e4fb32e5f390df1c0529d4cdab669530abb5e20994:2,OP_PUSHBYTES_1 5c
708e6efa39d626575b2f32e4fb32e5f390df1c0529d4cdab669530abb5e20994:3,OP_PUSHBYTES_1 5d
708e6efa39d626575b2f32e4fb32e5f390df1c0529d4cdab669530abb5e20994:4,OP_PUSHBYTES_1 5e
cba753f0fdec2c778662b50127cac8c27c4228e295d71aa80749d4b4e859c1ac:0,OP_PUSHBYTES_1 55
cba753f0fdec2c778662b50127cac8c27c4228e295d71aa80749d4b4e859c1ac:1,OP_PUSHBYTES_1 56
cba753f0fdec2c778662b50127cac8c27c4228e295d71aa80749d4b4e859c1ac:2,OP_PUSHBYTES_1 57
cba753f0fdec2c778662b50127cac8c27c4228e295d71aa80749d4b4e859c1ac:3,OP_PUSHBYTES_1 58
cfd9ec0c6e807fdc30e94793e80559c134d38ce9359f04673c588db514e9dc4b:0,OP_PUSHNUM_1 OP_PUSHNUM_1 OP_PUSHBYTES_1 77
cfd9ec0c6e807fdc30e94793e80559c134d38ce9359f04673c588db514e9dc4b:1,OP_PUSHNUM_1 OP_PUSHBYTES_1 76
cfd9ec0c6e807fdc30e94793e80559c134d38ce9359f04673c588db514e9dc4b:2,OP_PUSHNUM_1 OP_PUSHNUM_1 OP_PUSHBYTES_1 75
cfd9ec0c6e807fdc30e94793e80559c134d38ce9359f04673c588db514e9dc4b:3,OP_PUSHNUM_1 OP_PUSHBYTES_1 74
cfd9ec0c6e807fdc30e94793e80559c134d38ce9359f04673c588db514e9dc4b:4,OP_PUSHNUM_1 OP_PUSHBYTES_1 73
cfd9ec0c6e807fdc30e94793e80559c134d38ce9359f04673c588db514e9dc4b:5,OP_PUSHNUM_1 OP_PUSHNUM_1 OP_PUSHNUM_1 OP_PUSHNUM_1 OP_PUSHBYTES_1 72
cfd9ec0c6e807fdc30e94793e80559c134d38ce9359f04673c588db514e9dc4b:6,OP_PUSHNUM_1 OP_PUSHNUM_1 OP_PUSHNUM_1 OP_PUSHNUM_1 OP_PUSHNUM_1 OP_PUSHNUM_1 OP_PUSHBYTES_1 71
cfd9ec0c6e807fdc30e94793e80559c134d38ce9359f04673c588db514e9dc4b:7,OP_PUSHNUM_1 OP_PUSHNUM_1 OP_PUSHNUM_1 OP_PUSHNUM_1 OP_PUSHBYTES_1 70
cfd9ec0c6e807fdc30e94793e80559c134d38ce9359f04673c588db514e9dc4b:8,OP_PUSHNUM_1 OP_PUSHNUM_1 OP_PUSHNUM_1 OP_PUSHBYTES_1 6f
cfd9ec0c6e807fdc30e94793e80559c134d38ce9359f04673c588db514e9dc4b:9,OP_PUSHNUM_1 OP_PUSHNUM_1 OP_PUSHBYTES_1 6e
cfd9ec0c6e807fdc30e94793e80559c134d38ce9359f04673c588db514e9dc4b:10,OP_PUSHNUM_1 OP_PUSHNUM_1 OP_PUSHNUM_1 OP_PUSHBYTES_1 6d
cfd9ec0c6e807fdc30e94793e80559c134d38ce9359f04673c588db514e9dc4b:11,OP_PUSHNUM_1 OP_PUSHNUM_1 OP_PUSHBYTES_1 6b
d6bf40937f1b17b9f18a24b2bd1d7157b9b21ec17f74030683ecc6d36bf513e6:0,OP_PUSHNUM_1 OP_PUSHNUM_1 OP_PUSHNUM_1 OP_PUSHBYTES_1 88
d6bf40937f1b17b9f18a24b2bd1d7157b9b21ec17f74030683ecc6d36bf513e6:1,OP_PUSHNUM_1 OP_PUSHNUM_1 OP_PUSHBYTES_1 87
d6bf40937f1b17b9f18a24b2bd1d7157b9b21ec17f74030683ecc6d36bf513e6:2,OP_PUSHNUM_1 OP_PUSHBYTES_1 82
d6bf40937f1b17b9f18a24b2bd1d7157b9b21ec17f74030683ecc6d36bf513e6:3,OP_PUSHNUM_1 OP_PUSHNUM_1 OP_PUSHBYTES_1 7d
d6bf40937f1b17b9f18a24b2bd1d7157b9b21ec17f74030683ecc6d36bf513e6:4,OP_PUSHNUM_1 OP_PUSHNUM_1 OP_PUSHBYTES_1 7c
d6bf40937f1b17b9f18a24b2bd1d7157b9b21ec17f74030683ecc6d36bf513e6:5,OP_PUSHNUM_1 OP_PUSHNUM_1 OP_PUSHNUM_1 OP_PUSHBYTES_1 7b
d6bf40937f1b17b9f18a24b2bd1d7157b9b21ec17f74030683ecc6d36bf513e6:6,OP_PUSHNUM_1 OP_PUSHNUM_1 OP_PUSHNUM_1 OP_PUSHBYTES_1 7a
d6bf40937f1b17b9f18a24b2bd1d7157b9b21ec17f74030683ecc6d36bf513e6:7,OP_PUSHNUM_1 OP_PUSHNUM_1 OP_PUSHNUM_1 OP_PUSHBYTES_1 79
d6bf40937f1b17b9f18a24b2bd1d7157b9b21ec17f74030683ecc6d36bf513e6:8,OP_PUSHNUM_1 OP_PUSHNUM_1 OP_PUSHBYTES_1 78
3ccdb449f4f459921a05204d83404a934dbaef99890e28e1f979651138f78e07:0,OP_PUSHNUM_1 OP_PUSHNUM_5 OP_PUSHBYTES_1 94
3ccdb449f4f459921a05204d83404a934dbaef99890e28e1f979651138f78e07:1,OP_PUSHNUM_1 OP_PUSHNUM_1 OP_PUSHBYTES_1 93
3ccdb449f4f459921a05204d83404a934dbaef99890e28e1f979651138f78e07:2,OP_PUSHNUM_1 OP_PUSHBYTES_1 92
3ccdb449f4f459921a05204d83404a934dbaef99890e28e1f979651138f78e07:3,OP_PUSHNUM_1 OP_PUSHBYTES_1 90
3ccdb449f4f459921a05204d83404a934dbaef99890e28e1f979651138f78e07:4,OP_PUSHNUM_1 OP_PUSHBYTES_1 8f
3ccdb449f4f459921a05204d83404a934dbaef99890e28e1f979651138f78e07:5,OP_PUSHNUM_2 OP_PUSHBYTES_1 8c
3ccdb449f4f459921a05204d83404a934dbaef99890e28e1f979651138f78e07:6,OP_PUSHNUM_1 OP_PUSHBYTES_1 8b
8a115d58bfa56cb3e3d952be209ef0c1bb4be787b68ab5b73ce4db823cc6a02c:0,OP_PUSHNUM_1 OP_PUSHNUM_2 OP_PUSHBYTES_1 9f
8a115d58bfa56cb3e3d952be209ef0c1bb4be787b68ab5b73ce4db823cc6a02c:1,OP_PUSHNUM_1 OP_PUSHNUM_2 OP_PUSHBYTES_1 9e
8a115d58bfa56cb3e3d952be209ef0c1bb4be787b68ab5b73ce4db823cc6a02c:2,OP_PUSHNUM_1 OP_PUSHNUM_1 OP_PUSHNUM_1 OP_PUSHNUM_1 OP_PUSHBYTES_1 9d
8a115d58bfa56cb3e3d952be209ef0c1bb4be787b68ab5b73ce4db823cc6a02c:3,OP_PUSHNUM_1 OP_PUSHNUM_1 OP_PUSHBYTES_1 9c
8a115d58bfa56cb3e3d952be209ef0c1bb4be787b68ab5b73ce4db823cc6a02c:4,OP_PUSHNUM_1 OP_PUSHNUM_1 OP_PUSHBYTES_1 9b
8a115d58bfa56cb3e3d952be209ef0c1bb4be787b68ab5b73ce4db823cc6a02c:5,OP_PUSHNUM_1 OP_PUSHNUM_1 OP_PUSHBYTES_1 9a
516352ee7ee725360d3ee74bcf5315415e26e76ce585cbf2d21d7e56541895ed:0,OP_PUSHNUM_1 OP_PUSHNUM_1 OP_PUSHBYTES_1 69
516352ee7ee725360d3ee74bcf5315415e26e76ce585cbf2d21d7e56541895ed:1,OP_PUSHNUM_1 OP_PUSHBYTES_1 61
d4a27d10404d87ee0b8a05fb700e55f9f83f80a59ebf87af2fbf87e5c9546177:0,OP_PUSHNUM_1 OP_PUSHBYTES_1 b9
d4a27d10404d87ee0b8a05fb700e55f9f83f80a59ebf87af2fbf87e5c9546177:1,OP_PUSHNUM_1 OP_PUSHBYTES_1 b8
d4a27d10404d87ee0b8a05fb700e55f9f83f80a59ebf87af2fbf87e5c9546177:2,OP_PUSHNUM_1 OP_PUSHBYTES_1 b7
d4a27d10404d87ee0b8a05fb700e55f9f83f80a59ebf87af2fbf87e5c9546177:3,OP_PUSHNUM_1 OP_PUSHBYTES_1 b6
d4a27d10404d87ee0b8a05fb700e55f9f83f80a59ebf87af2fbf87e5c9546177:4,OP_PUSHNUM_1 OP_PUSHBYTES_1 b5
d4a27d10404d87ee0b8a05fb700e55f9f83f80a59ebf87af2fbf87e5c9546177:5,OP_PUSHNUM_1 OP_PUSHBYTES_1 b4
d4a27d10404d87ee0b8a05fb700e55f9f83f80a59ebf87af2fbf87e5c9546177:6,OP_PUSHNUM_1 OP_PUSHBYTES_1 b3
d4a27d10404d87ee0b8a05fb700e55f9f83f80a59ebf87af2fbf87e5c9546177:7,OP_PUSHNUM_1 OP_PUSHBYTES_1 b2
d4a27d10404d87ee0b8a05fb700e55f9f83f80a59ebf87af2fbf87e5c9546177:8,OP_PUSHNUM_1 OP_PUSHBYTES_1 b1
d4a27d10404d87ee0b8a05fb700e55f9f83f80a59ebf87af2fbf87e5c9546177:10,OP_PUSHNUM_1 OP_PUSHBYTES_1 ab
d4a27d10404d87ee0b8a05fb700e55f9f83f80a59ebf87af2fbf87e5c9546177:11,OP_PUSHNUM_1 OP_PUSHBYTES_1 aa
d4a27d10404d87ee0b8a05fb700e55f9f83f80a59ebf87af2fbf87e5c9546177:12,OP_PUSHNUM_1 OP_PUSHBYTES_1 a9
d4a27d10404d87ee0b8a05fb700e55f9f83f80a59ebf87af2fbf87e5c9546177:13,OP_PUSHNUM_1 OP_PUSHBYTES_1 a8
d4a27d10404d87ee0b8a05fb700e55f9f83f80a59ebf87af2fbf87e5c9546177:14,OP_PUSHNUM_1 OP_PUSHBYTES_1 a7
d4a27d10404d87ee0b8a05fb700e55f9f83f80a59ebf87af2fbf87e5c9546177:15,OP_PUSHNUM_1 OP_PUSHBYTES_1 a6
d4a27d10404d87ee0b8a05fb700e55f9f83f80a59ebf87af2fbf87e5c9546177:16,OP_PUSHNUM_2 OP_PUSHNUM_1 OP_PUSHNUM_3 OP_PUSHBYTES_1 a5
d4a27d10404d87ee0b8a05fb700e55f9f83f80a59ebf87af2fbf87e5c9546177:17,OP_PUSHNUM_1 OP_PUSHNUM_2 OP_PUSHBYTES_1 a4
d4a27d10404d87ee0b8a05fb700e55f9f83f80a59ebf87af2fbf87e5c9546177:18,OP_PUSHNUM_1 OP_PUSHNUM_2 OP_PUSHBYTES_1 a3
d4a27d10404d87ee0b8a05fb700e55f9f83f80a59ebf87af2fbf87e5c9546177:19,OP_PUSHNUM_2 OP_PUSHNUM_1 OP_PUSHBYTES_1 a2
d4a27d10404d87ee0b8a05fb700e55f9f83f80a59ebf87af2fbf87e5c9546177:20,OP_PUSHNUM_1 OP_PUSHNUM_2 OP_PUSHBYTES_1 a1
d4a27d10404d87ee0b8a05fb700e55f9f83f80a59ebf87af2fbf87e5c9546177:21,OP_PUSHNUM_2 OP_PUSHNUM_1 OP_PUSHBYTES_1 a0
fa3784c62f4ca6ddbf946d2afec9366c96a7f6f3f89bbac7dda9f5828f64b056:0,OP_PUSHBYTES_1 59
e687e655fa1dc4dd8fa9fba00b7c43e0380c73f713ef3352c21e4136dc15763c:0,OP_PUSHBYTES_1 54
e687e655fa1dc4dd8fa9fba00b7c43e0380c73f713ef3352c21e4136dc15763c:1,OP_PUSHBYTES_1 53
d7bbea4649511e8e00db2b91a802075fd3587eb5a6ca380c6d58c13e5c64d3b4:6,OP_PUSHNUM_1 OP_0 OP_0 OP_0 OP_PUSHBYTES_1 af
6570bb475622e78b4a5e0b810d1ca31a479e245f2ed1a1f459b9ac377cf0c3c8:7,OP_PUSHBYTES_1 4f
e93db7be3d0846bc7655b61b22011c56ce372f8ce5752aa2052c958d0eddcbc4:0,OP_PUSHBYTES_4 ea219154 OP_PUSHBYTES_3 b17551
47cd577e7997d5224160132f0fc7a41c7d85f081d4af29e2268419b9c13ae72e:6,OP_PUSHBYTES_2 5151
a0da2be1d90cd615e0791ef8f06e3a1536cc917f2f78d37c44cd0015f4575a1d:0,OP_PUSHBYTES_8 4f505f455155414c
966b93a373c190605ab7c0ece624b256c64c5e3f6ef0bebc7422803f07b529b2:0,OP_PUSHBYTES_8 70617373776f7264
0cd733e9c8f13be7e93c8c8fbd90dc47666d42cdd9f02e04a40964e56df66484:0,OP_PUSHBYTES_1 52
d201f3010925ec0b8350bd84e2309f454b8dd4bf1c54eea6b502bbd8797c10a7:0,OP_0 OP_PUSHBYTES_3 515293
dc0d2ecef13540f9ce19b2bbe67e3a2622d3d4fb1fdb35792dc19507cfea5540:0,OP_PUSHBYTES_6 00635fae6851
6766e75d6166a0a14bd814921d0f903285e15779e648d7ec52a4f7c0868ec07d:0,OP_PUSHBYTES_6 00635fae6852
6766e75d6166a0a14bd814921d0f903285e15779e648d7ec52a4f7c0868ec07d:1,OP_PUSHBYTES_6 00635fae6853
6766e75d6166a0a14bd814921d0f903285e15779e648d7ec52a4f7c0868ec07d:2,OP_PUSHBYTES_6 00635fae6854
6766e75d6166a0a14bd814921d0f903285e15779e648d7ec52a4f7c0868ec07d:3,OP_PUSHBYTES_6 00635fae6855
6766e75d6166a0a14bd814921d0f903285e15779e648d7ec52a4f7c0868ec07d:4,OP_PUSHBYTES_6 00635fae6856
6766e75d6166a0a14bd814921d0f903285e15779e648d7ec52a4f7c0868ec07d:5,OP_PUSHBYTES_6 00635fae6857
6766e75d6166a0a14bd814921d0f903285e15779e648d7ec52a4f7c0868ec07d:6,OP_PUSHBYTES_6 00635fae6858
6766e75d6166a0a14bd814921d0f903285e15779e648d7ec52a4f7c0868ec07d:7,OP_PUSHBYTES_6 00635fae6859
6766e75d6166a0a14bd814921d0f903285e15779e648d7ec52a4f7c0868ec07d:8,OP_PUSHBYTES_6 00635fae685a
6766e75d6166a0a14bd814921d0f903285e15779e648d7ec52a4f7c0868ec07d:9,OP_PUSHBYTES_6 00635fae685b
6766e75d6166a0a14bd814921d0f903285e15779e648d7ec52a4f7c0868ec07d:10,OP_PUSHBYTES_6 00635fae685c
6766e75d6166a0a14bd814921d0f903285e15779e648d7ec52a4f7c0868ec07d:11,OP_PUSHBYTES_6 00635fae685d
6766e75d6166a0a14bd814921d0f903285e15779e648d7ec52a4f7c0868ec07d:12,OP_PUSHBYTES_6 00635fae685e
6766e75d6166a0a14bd814921d0f903285e15779e648d7ec52a4f7c0868ec07d:13,OP_PUSHBYTES_6 00635fae685f
6766e75d6166a0a14bd814921d0f903285e15779e648d7ec52a4f7c0868ec07d:14,OP_PUSHBYTES_6 00635fae6860
433f5a982186cc4f30c09cdd666025a61746cb53f6d3b7c27c9baa7446986160:16,OP_PUSHNUM_2 OP_PUSHBYTES_1 82 OP_PUSHBYTES_8 6e879169907c9087
1dfa703fdfa486559a696c951fd578632c70c604527f294ad8e12c59bebf18c2:0,OP_0 OP_PUSHBYTES_10 6304451e75af5fae6851
1311756f433572cdb00bcd9586f5c738bd2f0498b1aae3cfd519c204fa12e135:0,OP_0 OP_PUSHBYTES_10 6304dabcbf905fae6851
d222a6c61078014d91d25d0b4603002704eb7f72ca200b3495589bcb7a88076b:0,OP_0 OP_PUSHBYTES_10 63043d47b9df5fae6851
fe13c64b283bd9be733d5d94a3495f5c858cf04bd66f487be40c1272c384a3de:0,OP_0 OP_PUSHBYTES_10 6304c608db8d5fae6851
4d3e8b7665a2ac1eded562798ba99c5df5ead13d8574613b7fc041c85b12628d:0,OP_0 OP_PUSHBYTES_10 630442412fb45fae6851
f48ba264fc0a1754e9b4dd126d6707faa2ab45b1525489b8dc127d4a98d866a1:0,OP_0 OP_PUSHBYTES_10 630433e663d65fae6851
2418c3369b58f2af8106b50173000309ab951988bd1797987aaa9f55a60449a1:0,OP_0 OP_PUSHBYTES_10 6304ce43d90c5fae6851
a1b7f166e8af5dcc8414609c129a730f63f76a3b50beb13784884d64e86594a0:0,OP_0 OP_PUSHBYTES_10 630477e9c7f75fae6851
a35f167afa4cae295841f2d83a6213f26c711a167cbbd5f81b5044aa84645eb4:0,OP_PUSHNUM_2 OP_PUSHBYTES_4 53935587
09afa3b1393f99bb01aa754dd4b89293fd8d6c9741488b537d14f7f81de1450e:0,OP_PUSHNUM_3 OP_PUSHNUM_5 OP_PUSHNUM_4 OP_PUSHBYTES_11 6f93598893578893588851
968df278c9c94a386aa221e140eaacd4cb88d1c3f114a881498c0c5987077f99:0,OP_0 OP_PUSHBYTES_9 630330472d5fae685b
eddd8bfcb9e8d70d44f527a63fec9b5e34ac04b61bf95fe43edc43c36e52a536:0,OP_0 OP_PUSHBYTES_9 63030d95315fae6857
24825756f92fb74afa55ecb487467841d09fa0718c1c5b76273d2d32e4d9721f:0,OP_0 OP_PUSHBYTES_9 6303b5ee2f5fae685c
9f4cce4bc5cbf3a50756041304c7ee614a48b3104acbbddb6dff3cc42a4540c5:0,OP_0 OP_PUSHBYTES_9 63034e6ff45fae6855
144081977c28be4d61b3dae00296ddd891b2ef0f51a1dd77b8acbece317499d8:0,OP_0 OP_PUSHBYTES_9 6303966a485fae685e
7e6b7e06cdfdee8f274a1765d012e07c848a2e7c70dc606d77ea1eccc42035d8:0,OP_0 OP_PUSHBYTES_9 6303a7a0375fae685b
6c559782c9fcacc5b5ed85e3b7dfb615108a78a072f049fbb696bb0bf0075c80:0,OP_0 OP_PUSHBYTES_9 630359646d5fae6858
5fa2482e440785ab1dc82909c76df721046db074d75d2367d2c84f434e50935d:0,OP_0 OP_PUSHBYTES_9 63037974875fae6859
5eccf48339fa02bb4df3aaa0b3a6e957241efd1fd9443a3aed1f315c03faa59c:0,OP_0 OP_PUSHBYTES_9 63036de8705fae6860
41a7858c33ec2541ddd2614b52b588c036a1314732cf0276e2731ec8d79d369c:0,OP_0 OP_PUSHBYTES_9 63034bd4715fae6854
2241ed8faa73f90e8dc5cc5d402178d7e0cf8cfaaafa4a0868541f38934ba09f:0,OP_0 OP_PUSHBYTES_10 6304e55d71b15fae6851
87980777064414a770f17d6dde93efdc14cc91df4dc53254cfdc3f774b3d8eed:0,OP_0 OP_PUSHBYTES_10 63047fdf7d345fae6851
a55e5ae163d88562b2818b042693c0e1df433d9a51430ec54f57badad82af940:0,OP_0 OP_PUSHBYTES_10 63043733e4c55fae6851
f462a6e340322842bee552bcce43748a38fe2935b1a861c344174b6dbc89889a:0,OP_0 OP_PUSHBYTES_10 630464a312c95fae6851
736cb277f098ea748e59b98f7c1287e10e4b53f30cb9de0761cc991aad8b28a8:0,OP_PUSHNUM_1 OP_PUSHBYTES_11 04e7f16656b17551935287
d3d65630ed83f1a4322aaa3baa0592bb2b5ca26c9276cf988d5a6eab6da7479c:0,OP_0 OP_PUSHBYTES_10 6304838cafa75fae6851
2b77eb862302a7b7f05b6163ed1addf3e59ba66407531eae5e5032063484c9b6:0,OP_0 OP_PUSHBYTES_10 6304a69405295fae6851
30b5f25a2f197486f486c38ac21dcbe9059133bcf06a30871b539fb7b56d76d3:0,OP_PUSHNUM_1 OP_PUSHBYTES_3 635168
30b5f25a2f197486f486c38ac21dcbe9059133bcf06a30871b539fb7b56d76d3:1,OP_PUSHNUM_1 OP_PUSHBYTES_2 7551
2d8a6457539f086ee27747af3ae8f7db34b0e6dbef668e256941d8efe8db3dc6:0,OP_PUSHNUM_2 OP_PUSHNUM_5 OP_PUSHNUM_7 OP_PUSHBYTES_11 6f935c8893598893578851
1b364ded30a3b47653c9c91a17625a5bb9ed547b385c009dcadd2d9e6fdc22c3:0,OP_PUSHBYTES_4 c3387856 OP_PUSHBYTES_1 b1
5f97f8fd0c6289b1906d0c07c5e0b43ff900847823924bde9ba8ebcaa83af090:1,OP_0 OP_PUSHBYTES_10 6304ba2b3cfc5fae6851
8782266d1002b489db3e7d5d6b79d1dbcac8ed37d9cc3663a2385496b2bf0984:0,OP_0 OP_PUSHBYTES_10 63042b2323b35fae6851
a0a0ffc28d29518c230649ca1569d7c53c31975d1d519779a04893b1b90508d9:0,OP_PUSHBYTES_9 02f1de03f01606b175
35a116671790770b7501ed66dd533761a86ba41609ed9df2af6fbf836496bf0d:0,OP_PUSHBYTES_5 03a08601b1
aad6adf425a9a39378a101e9ad8e880a1b053551d2483ed1267a8a1d96ff622e:0,OP_0 OP_PUSHBYTES_10 6304fcab70ea5fae6851
f88c0a272dc1fc891b75cdd94e5d756fea9f20d128a07088d1ef9c85aa30a18a:0,OP_0 OP_PUSHBYTES_10 63042daf40415fae6851
1740fc7d59e62b2e1107f3907e0180ee345ba84ea0ee13a4ab61b2f10ecd49b9:0,OP_PUSHNUM_1 OP_PUSHNUM_1 OP_PUSHNUM_1 OP_PUSHNUM_1 OP_PUSHBYTES_3 757575
892f44a49de6f5b212cdbea514d09e692d9fed5d897f37bcef14bd0eedebf193:0,OP_PUSHBYTES_2 51b2
233b6159c181c9c7ebee9240035bbfe26004345afe97b59d203ae3f1de36d389:0,OP_PUSHBYTES_5 03010040b2
e139792da44727188101f922131fff94b9a4b838e28b3e95b5b10c6d0554811f:0,OP_0 OP_PUSHBYTES_10 630439794ded5fae6851
8f36d644a4573a72bff7f6a19192159158e123ea8eb24fe2bad90bdaa3e7fb50:9,OP_PUSHBYTES_4 527551b2
6291d99a36997b1a4aa14f9b83cbce237626c03d14303aa270bbc1acad761f06:0,OP_PUSHBYTES_5 0469736973
6291d99a36997b1a4aa14f9b83cbce237626c03d14303aa270bbc1acad761f06:1,OP_PUSHBYTES_6 05666e6f7264
1e22da86098fb253d9f260310f7f4389792c1c1ba208e9b87e83450a7a158343:0,OP_PUSHBYTES_5 03400d03b1
4ca3e357f523a08e5322e1f21254404a0989ae7c5096c08b0a854c226e340971:0,OP_PUSHNUM_5 OP_PUSHNUM_3 OP_PUSHBYTES_7 6e935888945287
25dcbfd5e8cc01fa7459aa3ca5c4d54766925035265f828d229d925a4e5333bc:1,OP_PUSHBYTES_5 04148f33be
4759e63879b79d194676a3690584c5d2cdabb38ea2d7e661757bdca9cd646bac:0,OP_PUSHBYTES_4 03165c4d
2aaba883b54f36bfc0818275f72e984e03807061a031bb610ab54b95fcb63cd8:0,OP_PUSHBYTES_9 02f1b003d91e06b175
d33a77d2a29f6e0c89b0681da4344219c9de673642b4dc3108056a92232fe369:0,OP_PUSHNUM_1 OP_PUSHBYTES_2 6b6c
02aa16c1031f3d531742fccc51cc403121821ab3359278d079551f4c231df905:0,OP_PUSHBYTES_2 110e OP_PUSHBYTES_2 0b8a OP_PUSHBYTES_12 020b0a93008802110e940087
f0c76d7691d7bdbed383020b60833006d389e5ba2e7a08d7886882f5b98e9c08:0,OP_0 OP_PUSHBYTES_1 65 OP_PUSHBYTES_4 93016587
2c47765b6af6077fde9d1fa5d82f5b0d0172a856bfd5a7602ddda08f31b9fbaf:1,OP_PUSHBYTES_6 00635faf6851
9c2df1657dbc87b73cf1852366133211047a7ad5071481b590c7ab5366939c6d:0,OP_PUSHNUM_6 OP_PUSHBYTES_4 53935987
3cb27839f20e978eb8613036f683c2dca5e7c1ca053bdfacfa71887644434f9b:0,OP_PUSHNUM_3 OP_PUSHNUM_1 OP_PUSHBYTES_7 6e935488945287
adaea22fde5de6a290a21138dc27334ea735d8bb27740aeed9a3b2f7596fdc1d:0,OP_PUSHNUM_3 OP_PUSHBYTES_4 5152939c
23b898cadf9ce45123dbdb1ab7e676d96eaf672297801a013b26f349892e1bb5:0,OP_PUSHBYTES_5 5556935b87
bd299a79b5a44939d684c5a9ba1e9ea50124b122af6f1e3558abc4d04df3224a:0,OP_PUSHBYTES_2 aaaa OP_PUSHBYTES_4 02aaaa87
7b40d25440b5d4bccaee50fed8581716a82ded6b4ee7205fe2a04a771bbbcf38:0,OP_PUSHBYTES_11 0a89a3ec57ef6a7c71f20f
890d3814c2bc2516ff8e061d7a4580116459f4f693f2783d11a5fbb4b3597ac2:0,OP_PUSHNUM_1 OP_PUSHBYTES_5 6351676a68
baede9cf025664413c90c820672d343590dbed75ef675dabfa9dabc095e132e9:0,OP_PUSHNUM_2 OP_0
12519c0a7010e4d84a8a30a2b99406e4637c9fff139be452c2737af74cb4ccb1:0,OP_PUSHBYTES_5 0474657374
169c48a1b3c980f850a09395124f3b97f27c2421b11f624871270112b114ab81:0,OP_PUSHBYTES_3 515187
304ee04ae733e77aa48764c12c5d0d517744583e6095e4aba6738a73506fd3fc:0,OP_PUSHBYTES_4 7820780a OP_PUSHBYTES_1 61
304ee04ae733e77aa48764c12c5d0d517744583e6095e4aba6738a73506fd3fc:1,OP_PUSHBYTES_4 7920790a OP_PUSHBYTES_1 61
304ee04ae733e77aa48764c12c5d0d517744583e6095e4aba6738a73506fd3fc:2,OP_PUSHBYTES_4 7a207a0a OP_PUSHBYTES_1 61
a82e1ee50d88972d42da6b92391a22e0b8ad12d1365e16615b8e231f64beb114:1,OP_PUSHBYTES_4 74657374 OP_PUSHBYTES_1 61
f70b3ea41a98ec72784b2c49bbe9d6d771fbe5c9e0b76e693579b8b8f40d98bc:0,OP_PUSHBYTES_7 06747474313233
179a9f9be3127563804ee30543b00c6ffad6adccdb850192b8cbac3a82cdca8c:0,OP_PUSHBYTES_15 0c48656c6c6f20576f726c64217551
1df42328f18feaa1052937714ba3f3c43d08f0ad70ed4916f6129a26724b60f0:0,OP_PUSHNUM_6 OP_PUSHBYTES_4 52945487
ae674b12b7a54c7480208a19c369bc8319682a1bb0a0eb366c11f8c9500966f5:0,OP_PUSHBYTES_7 436f696e776562 OP_PUSHBYTES_8 750620bfb6121ad8
